createdDate,lastModifiedDate,createdBy,dtxsid,selected,casrn,compoundId,genericSubstanceId,preferredName,activeAssays,cpdataCount,isotope,molFormula,averageMass,monoisotopicMass,multicomponent,percentAssays,pubchemCount,pubmedCount,qcLevel,qcLevelDesc,sourcesCount,stereo,totalAssays,toxcastSelect,iupacName,smiles,inchiString,inchiKey,hasStructureImage,relatedSubstanceCount,relatedStructureCount,endpointName,ac50,hitc,logAc50,scaledTop,top,bmad,maxMedVal,maxMedConc,_links
,,,DTXSID0020498,False,120-61-6,498.0,20498,Dimethyl terephthalate,33,2.0,0.0,C10H10O4,194.186,194.057908802,0,4.0,143.0,35.0,2,"Level 2: Expert curated, unique chemical identifiers confirmed using multiple public sources",147,0.0,838,33/838,"Dimethyl benzene-1,4-dicarboxylate",COC(=O)C1=CC=C(C=C1)C(=O)OC,"InChI=1S/C10H10O4/c1-13-9(11)7-3-5-8(6-4-7)10(12)14-2/h3-6H,1-2H3
",WOZVHXUHUFLZGK-UHFFFAOYSA-N,True,4.0,,CEETOX_H295R_ESTRONE_noMTC_up,,0,,,,0.211849549895758,0.459797508702367,1.69897000433602,"{'self': {'href': 'http://ccte-api-ccd.epa.gov/ccdapp2/assay-list-details/610956f6b2dd933befcb3c69'}, 'assay-list-detail': {'href': 'http://ccte-api-ccd.epa.gov/ccdapp2/assay-list-details/610956f6b2dd933befcb3c69{?projection}', 'templated': True}}"
,,,DTXSID0021254,False,94-59-7,1254.0,21254,Safrole,14,6.0,0.0,C10H10O2,162.188,162.068079562,0,2.0,124.0,519.0,2,"Level 2: Expert curated, unique chemical identifiers confirmed using multiple public sources",152,0.0,877,14/877,"5-(Prop-2-en-1-yl)-2H-1,3-benzodioxole",C=CCC1=CC=C2OCOC2=C1,"InChI=1S/C10H10O2/c1-2-3-8-4-5-9-10(6-8)12-7-11-9/h2,4-6H,1,3,7H2",ZMQAAUBTXCXRIC-UHFFFAOYSA-N,True,2.0,2.0,CEETOX_H295R_ESTRONE_noMTC_up,,0,,,,0.211849549895758,0.0751708752635908,1.0,"{'self': {'href': 'http://ccte-api-ccd.epa.gov/ccdapp2/assay-list-details/61095708b2dd933befcb8595'}, 'assay-list-detail': {'href': 'http://ccte-api-ccd.epa.gov/ccdapp2/assay-list-details/61095708b2dd933befcb8595{?projection}', 'templated': True}}"
,,,DTXSID0021331,False,55566-30-8,1331.0,21331,Tetrakis(hydroxymethyl)phosphonium sulfate,50,,0.0,C8H24O12P2S,406.28,406.046371383,1,12.0,67.0,27.0,1,"Level 1: Expert curated, highest confidence in accuracy and consistency of unique chemical identifiers",95,0.0,426,50/426,Bis[tetrakis(hydroxymethyl)phosphanium] sulfate,[O-]S([O-])(=O)=O.OC[P+](CO)(CO)CO.OC[P+](CO)(CO)CO,"InChI=1S/2C4H12O4P.H2O4S/c2*5-1-9(2-6,3-7)4-8;1-5(2,3)4/h2*5-8H,1-4H2;(H2,1,2,3,4)/q2*+1;/p-2",YIEDHPBKGZGLIK-UHFFFAOYSA-L,True,,,CEETOX_H295R_ESTRONE_noMTC_up,,0,,,,0.211849549895758,0.24809403688481,1.30102999566398,"{'self': {'href': 'http://ccte-api-ccd.epa.gov/ccdapp2/assay-list-details/6109570ab2dd933befcb8cca'}, 'assay-list-detail': {'href': 'http://ccte-api-ccd.epa.gov/ccdapp2/assay-list-details/6109570ab2dd933befcb8cca{?projection}', 'templated': True}}"
,,,DTXSID0021460,False,17924-92-4,1460.0,21460,Zearalenone,181,,0.0,C18H22O5,318.369,318.146723808,0,34.0,130.0,1405.0,1,"Level 1: Expert curated, highest confidence in accuracy and consistency of unique chemical identifiers",120,1.0,534,181/534,"(3S,11E)-14,16-Dihydroxy-3-methyl-3,4,5,6,9,10-hexahydro-1H-2-benzoxacyclotetradecine-1,7(8H)-dione",C[C@H]1CCCC(=O)CCC\C=C\C2=C(C(O)=CC(O)=C2)C(=O)O1,"InChI=1S/C18H22O5/c1-12-6-5-9-14(19)8-4-2-3-7-13-10-15(20)11-16(21)17(13)18(22)23-12/h3,7,10-12,20-21H,2,4-6,8-9H2,1H3/b7-3+/t12-/m0/s1
",MBMQEIFVQACCCH-QBODLPLBSA-N,True,8.0,5.0,CEETOX_H295R_ESTRONE_noMTC_up,,0,,,,0.211849549895758,0.293091622611405,2.0,"{'self': {'href': 'http://ccte-api-ccd.epa.gov/ccdapp2/assay-list-details/61095711b2dd933befcba7b6'}, 'assay-list-detail': {'href': 'http://ccte-api-ccd.epa.gov/ccdapp2/assay-list-details/61095711b2dd933befcba7b6{?projection}', 'templated': True}}"
,,,DTXSID0023878,False,120-12-7,3878.0,23878,Anthracene,52,27.0,0.0,C14H10,178.234,178.078250322,0,6.0,207.0,872.0,2,"Level 2: Expert curated, unique chemical identifiers confirmed using multiple public sources",221,0.0,915,52/915,Anthracene,C1=CC2=CC3=C(C=CC=C3)C=C2C=C1,InChI=1S/C14H10/c1-2-6-12-10-14-8-4-3-7-13(14)9-11(12)5-1/h1-10H,MWPLVEDNUUSJAV-UHFFFAOYSA-N,True,2.0,,CEETOX_H295R_ESTRONE_noMTC_up,,0,,,,0.211849549895758,0.495971465456821,1.69897000433602,"{'self': {'href': 'http://ccte-api-ccd.epa.gov/ccdapp2/assay-list-details/61095735b2dd933befcc32fe'}, 'assay-list-detail': {'href': 'http://ccte-api-ccd.epa.gov/ccdapp2/assay-list-details/61095735b2dd933befcc32fe{?projection}', 'templated': True}}"
,,,DTXSID0032651,False,51707-55-2,12651.0,32651,Thidiazuron,196,,0.0,C9H8N4OS,220.25,220.041882068,0,19.0,117.0,89.0,2,"Level 2: Expert curated, unique chemical identifiers confirmed using multiple public sources",121,0.0,1007,196/1007,"N-Phenyl-N'-1,2,3-thiadiazol-5-ylurea",O=C(NC1=CN=NS1)NC1=CC=CC=C1,"InChI=1S/C9H8N4OS/c14-9(12-8-6-10-13-15-8)11-7-4-2-1-3-5-7/h1-6H,(H2,11,12,14)",HFCYZXMHUIHAQI-UHFFFAOYSA-N,True,,,CEETOX_H295R_ESTRONE_noMTC_up,,0,,,,0.211849549895758,0.190154518237025,2.0,"{'self': {'href': 'http://ccte-api-ccd.epa.gov/ccdapp2/assay-list-details/6109577ab2dd933befcd4057'}, 'assay-list-detail': {'href': 'http://ccte-api-ccd.epa.gov/ccdapp2/assay-list-details/6109577ab2dd933befcd4057{?projection}', 'templated': True}}"
,,,DTXSID0040707,False,33228-44-3,20707.0,40707,4-Pentylaniline,80,,0.0,C11H17N,163.264,163.136099551,0,9.0,94.0,,1,"Level 1: Expert curated, highest confidence in accuracy and consistency of unique chemical identifiers",59,0.0,886,80/886,4-Pentylaniline,CCCCCC1=CC=C(N)C=C1,"InChI=1S/C11H17N/c1-2-3-4-5-10-6-8-11(12)9-7-10/h6-9H,2-5,12H2,1H3
",DGFTWBUZRHAHTH-UHFFFAOYSA-N,True,,,CEETOX_H295R_ESTRONE_noMTC_up,,0,,,,0.211849549895758,0.110806785885935,1.0,"{'self': {'href': 'http://ccte-api-ccd.epa.gov/ccdapp2/assay-list-details/61095798b2dd933befcdb637'}, 'assay-list-detail': {'href': 'http://ccte-api-ccd.epa.gov/ccdapp2/assay-list-details/61095798b2dd933befcdb637{?projection}', 'templated': True}}"
,,,DTXSID0042167,False,877-24-7,22167.0,42167,Monopotassium phthalate,5,180.0,0.0,C8H5KO4,204.222,203.98249013,1,1.0,116.0,1133.0,2,"Level 2: Expert curated, unique chemical identifiers confirmed using multiple public sources",81,0.0,450,5/450,Potassium 2-carboxybenzoate,[K+].OC(=O)C1=C(C=CC=C1)C([O-])=O,"InChI=1S/C8H6O4.K/c9-7(10)5-3-1-2-4-6(5)8(11)12;/h1-4H,(H,9,10)(H,11,12);/q;+1/p-1",IWZKICVEHNUQTL-UHFFFAOYSA-M,True,,,CEETOX_H295R_ESTRONE_noMTC_up,,0,,,,0.211849549895758,0.159414442042723,0.602059991327962,"{'self': {'href': 'http://ccte-api-ccd.epa.gov/ccdapp2/assay-list-details/610957a5b2dd933befcde9bb'}, 'assay-list-detail': {'href': 'http://ccte-api-ccd.epa.gov/ccdapp2/assay-list-details/610957a5b2dd933befcde9bb{?projection}', 'templated': True}}"
,,,DTXSID0052621,False,93-16-3,31194.0,52621,4-Prop-1-enylveratrole,10,2.0,0.0,C11H14O2,178.231,178.099379691,0,3.0,46.0,26.0,2,"Level 2: Expert curated, unique chemical identifiers confirmed using multiple public sources",95,0.0,308,10/308,"1,2-Dimethoxy-4-(prop-1-en-1-yl)benzene",COC1=C(OC)C=C(C=CC)C=C1,"InChI=1S/C11H14O2/c1-4-5-9-6-7-10(12-2)11(8-9)13-3/h4-8H,1-3H3",NNWHUJCUHAELCL-UHFFFAOYSA-N,True,,,CEETOX_H295R_ESTRONE_noMTC_up,17.25479584549942,0,1.23690982519241,1.201912606438442,1.52774786812813,0.211849549895758,1.25402199654113,2.0,"{'self': {'href': 'http://ccte-api-ccd.epa.gov/ccdapp2/assay-list-details/61095818b2dd933befcfa7b2'}, 'assay-list-detail': {'href': 'http://ccte-api-ccd.epa.gov/ccdapp2/assay-list-details/61095818b2dd933befcfa7b2{?projection}', 'templated': True}}"
,,,DTXSID1021956,False,117-84-0,1956.0,21956,Di-n-octyl phthalate,28,83.0,0.0,C24H38O4,390.564,390.277009704,0,3.0,135.0,2191.0,1,"Level 1: Expert curated, highest confidence in accuracy and consistency of unique chemical identifiers",203,0.0,886,28/886,"Dioctyl benzene-1,2-dicarboxylate",CCCCCCCCOC(=O)C1=C(C=CC=C1)C(=O)OCCCCCCCC,"InChI=1S/C24H38O4/c1-3-5-7-9-11-15-19-27-23(25)21-17-13-14-18-22(21)24(26)28-20-16-12-10-8-6-4-2/h13-14,17-18H,3-12,15-16,19-20H2,1-2H3",MQIUGAXCHLFZKX-UHFFFAOYSA-N,True,3.0,2.0,CEETOX_H295R_ESTRONE_noMTC_up,,0,,,,0.211849549895758,0.226420314038952,2.0,"{'self': {'href': 'http://ccte-api-ccd.epa.gov/ccdapp2/assay-list-details/61095857b2dd933befd09c76'}, 'assay-list-detail': {'href': 'http://ccte-api-ccd.epa.gov/ccdapp2/assay-list-details/61095857b2dd933befd09c76{?projection}', 'templated': True}}"
,,,DTXSID1023314,False,54-36-4,3314.0,23314,Metyrapone,11,,0.0,C14H14N2O,226.279,226.110613079,0,4.0,171.0,3275.0,2,"Level 2: Expert curated, unique chemical identifiers confirmed using multiple public sources",97,0.0,262,11/262,"2-Methyl-1,2-di(pyridin-3-yl)propan-1-one",CC(C)(C(=O)C1=CN=CC=C1)C1=CN=CC=C1,"InChI=1S/C14H14N2O/c1-14(2,12-6-4-8-16-10-12)13(17)11-5-3-7-15-9-11/h3-10H,1-2H3",FJLBFSROUSIWMA-UHFFFAOYSA-N,True,,,CEETOX_H295R_ESTRONE_noMTC_up,,0,,,,0.211849549895758,-0.224975061854404,2.0,"{'self': {'href': 'http://ccte-api-ccd.epa.gov/ccdapp2/assay-list-details/61095868b2dd933befd0dfe1'}, 'assay-list-detail': {'href': 'http://ccte-api-ccd.epa.gov/ccdapp2/assay-list-details/61095868b2dd933befd0dfe1{?projection}', 'templated': True}}"
,,,DTXSID1026035,False,2492-26-4,6035.0,26035,Sodium 2-mercaptobenzothiolate,76,127.0,0.0,C7H4NNaS2,189.23,188.96828576,1,11.0,60.0,111.0,1,"Level 1: Expert curated, highest confidence in accuracy and consistency of unique chemical identifiers",107,0.0,673,76/673,"Sodium 1,3-benzothiazole-2-thiolate",[Na+].[S-]C1=NC2=CC=CC=C2S1,"InChI=1S/C7H5NS2.Na/c9-7-8-5-3-1-2-4-6(5)10-7;/h1-4H,(H,8,9);/q;+1/p-1
",VLDHWMAJBNWALQ-UHFFFAOYSA-M,True,,,CEETOX_H295R_ESTRONE_noMTC_up,,0,,,,0.211849549895758,0.419049222744356,0.0,"{'self': {'href': 'http://ccte-api-ccd.epa.gov/ccdapp2/assay-list-details/61095893b2dd933befd18832'}, 'assay-list-detail': {'href': 'http://ccte-api-ccd.epa.gov/ccdapp2/assay-list-details/61095893b2dd933befd18832{?projection}', 'templated': True}}"
,,,DTXSID1026241,False,118-56-9,6241.0,26241,"3,3,5-Trimethylcyclohexyl salicylate",42,83.0,0.0,C16H22O3,262.349,262.156894568,0,9.0,133.0,11.0,2,"Level 2: Expert curated, unique chemical identifiers confirmed using multiple public sources",132,1.0,453,42/453,"3,3,5-Trimethylcyclohexyl 2-hydroxybenzoate",CC1CC(CC(C)(C)C1)OC(=O)C1=C(O)C=CC=C1,"InChI=1S/C16H22O3/c1-11-8-12(10-16(2,3)9-11)19-15(18)13-6-4-5-7-14(13)17/h4-7,11-12,17H,8-10H2,1-3H3",WSSJONWNBBTCMG-UHFFFAOYSA-N,True,,,CEETOX_H295R_ESTRONE_noMTC_up,17.509800111766683,0,1.24328118829634,0.6510116859626547,0.827499195888403,0.211849549895758,0.723370859755599,2.0,"{'self': {'href': 'http://ccte-api-ccd.epa.gov/ccdapp2/assay-list-details/61095897b2dd933befd195e5'}, 'assay-list-detail': {'href': 'http://ccte-api-ccd.epa.gov/ccdapp2/assay-list-details/61095897b2dd933befd195e5{?projection}', 'templated': True}}"
,,,DTXSID1032488,False,117718-60-2,12488.0,32488,Thiazopyr,138,,0.0,C16H17F5N2O2S,396.38,396.093089784,0,14.0,52.0,6.0,2,"Level 2: Expert curated, unique chemical identifiers confirmed using multiple public sources",119,0.0,979,138/979,"Methyl 2-(difluoromethyl)-5-(4,5-dihydro-1,3-thiazol-2-yl)-4-(2-methylpropyl)-6-(trifluoromethyl)pyridine-3-carboxylate",COC(=O)C1=C(CC(C)C)C(C2=NCCS2)=C(N=C1C(F)F)C(F)(F)F,"InChI=1S/C16H17F5N2O2S/c1-7(2)6-8-9(15(24)25-3)11(13(17)18)23-12(16(19,20)21)10(8)14-22-4-5-26-14/h7,13H,4-6H2,1-3H3",YIJZJEYQBAAWRJ-UHFFFAOYSA-N,True,1.0,1.0,CEETOX_H295R_ESTRONE_noMTC_up,,0,,,,0.211849549895758,0.564660635550338,1.0,"{'self': {'href': 'http://ccte-api-ccd.epa.gov/ccdapp2/assay-list-details/610958c1b2dd933befd2395b'}, 'assay-list-detail': {'href': 'http://ccte-api-ccd.epa.gov/ccdapp2/assay-list-details/610958c1b2dd933befd2395b{?projection}', 'templated': True}}"
,,,DTXSID1032642,False,122931-48-0,12642.0,32642,Rimsulfuron,27,,0.0,C14H17N5O7S2,431.44,431.056940255,0,5.0,75.0,8.0,1,"Level 1: Expert curated, highest confidence in accuracy and consistency of unique chemical identifiers",137,0.0,598,27/598,"N-[(4,6-Dimethoxypyrimidin-2-yl)carbamoyl]-3-(ethanesulfonyl)pyridine-2-sulfonamide",CCS(=O)(=O)C1=CC=CN=C1S(=O)(=O)NC(=O)NC1=NC(OC)=CC(OC)=N1,"InChI=1S/C14H17N5O7S2/c1-4-27(21,22)9-6-5-7-15-12(9)28(23,24)19-14(20)18-13-16-10(25-2)8-11(17-13)26-3/h5-8H,4H2,1-3H3,(H2,16,17,18,19,20)
",MEFOUWRMVYJCQC-UHFFFAOYSA-N,True,6.0,5.0,CEETOX_H295R_ESTRONE_noMTC_up,,0,,,,0.211849549895758,0.278114640400362,2.0,"{'self': {'href': 'http://ccte-api-ccd.epa.gov/ccdapp2/assay-list-details/610958c5b2dd933befd24d39'}, 'assay-list-detail': {'href': 'http://ccte-api-ccd.epa.gov/ccdapp2/assay-list-details/610958c5b2dd933befd24d39{?projection}', 'templated': True}}"
,,,DTXSID1041421,False,487-06-9,21421.0,41421,"5,7-Dimethoxy-2H-chromen-2-one",28,,0.0,C11H10O4,206.197,206.057908802,0,6.0,142.0,25.0,2,"Level 2: Expert curated, unique chemical identifiers confirmed using multiple public sources",69,0.0,454,28/454,"5,7-Dimethoxy-2H-1-benzopyran-2-one",COC1=CC2=C(C=CC(=O)O2)C(OC)=C1,"InChI=1S/C11H10O4/c1-13-7-5-9(14-2)8-3-4-11(12)15-10(8)6-7/h3-6H,1-2H3",NXJCRELRQHZBQA-UHFFFAOYSA-N,True,,,CEETOX_H295R_ESTRONE_noMTC_up,5.57486208195756,0,0.746234127722766,0.5854885755440523,0.744212947188697,0.211849549895758,0.703602466156616,1.47712125471966,"{'self': {'href': 'http://ccte-api-ccd.epa.gov/ccdapp2/assay-list-details/610958ecb2dd933befd2e856'}, 'assay-list-detail': {'href': 'http://ccte-api-ccd.epa.gov/ccdapp2/assay-list-details/610958ecb2dd933befd2e856{?projection}', 'templated': True}}"
,,,DTXSID1041508,False,95-69-2,21508.0,41508,4-Chloro-2-methylaniline,17,1.0,0.0,C7H8ClN,141.6,141.034527,0,3.0,150.0,23.0,1,"Level 1: Expert curated, highest confidence in accuracy and consistency of unique chemical identifiers",113,0.0,639,17/639,4-Chloro-2-methylaniline,CC1=C(N)C=CC(Cl)=C1,"InChI=1S/C7H8ClN/c1-5-4-6(8)2-3-7(5)9/h2-4H,9H2,1H3",CXNVOWPRHWWCQR-UHFFFAOYSA-N,True,3.0,3.0,CEETOX_H295R_ESTRONE_noMTC_up,,0,,,,0.211849549895758,0.130805819712591,1.0,"{'self': {'href': 'http://ccte-api-ccd.epa.gov/ccdapp2/assay-list-details/610958efb2dd933befd2f23e'}, 'assay-list-detail': {'href': 'http://ccte-api-ccd.epa.gov/ccdapp2/assay-list-details/610958efb2dd933befd2f23e{?projection}', 'templated': True}}"
,,,DTXSID1047281,False,353280-07-6,27281.0,47281,CP-612372,88,,0.0,C22H20N4O4,404.426,404.14845514,0,10.0,18.0,,1,"Level 1: Expert curated, highest confidence in accuracy and consistency of unique chemical identifiers",40,0.0,893,88/893,"2-[(2,1,3-Benzoxadiazol-5-yl)oxy]-N-{[4-(2-hydroxypropan-2-yl)phenyl]methyl}pyridine-3-carboxamide",CC(C)(O)C1=CC=C(CNC(=O)C2=CC=CN=C2OC2=CC3=NON=C3C=C2)C=C1,"InChI=1S/C22H20N4O4/c1-22(2,28)15-7-5-14(6-8-15)13-24-20(27)17-4-3-11-23-21(17)29-16-9-10-18-19(12-16)26-30-25-18/h3-12,28H,13H2,1-2H3,(H,24,27)",QYZRHDNGOVTVDB-UHFFFAOYSA-N,True,,,CEETOX_H295R_ESTRONE_noMTC_up,0.04805458649917034,1,-1.31826515542059,1.4281202157430417,1.81527974941318,0.211849549895758,1.8096297184495,0.602059991327962,"{'self': {'href': 'http://ccte-api-ccd.epa.gov/ccdapp2/assay-list-details/6109592db2dd933befd3e312'}, 'assay-list-detail': {'href': 'http://ccte-api-ccd.epa.gov/ccdapp2/assay-list-details/6109592db2dd933befd3e312{?projection}', 'templated': True}}"
,,,DTXSID1047497,False,119-07-3,27497.0,47497,Octyl decyl phthalate,14,,0.0,C26H42O4,418.618,418.308309832,0,3.0,39.0,,2,"Level 2: Expert curated, unique chemical identifiers confirmed using multiple public sources",76,0.0,452,14/452,"Decyl octyl benzene-1,2-dicarboxylate",CCCCCCCCCCOC(=O)C1=C(C=CC=C1)C(=O)OCCCCCCCC,"InChI=1S/C26H42O4/c1-3-5-7-9-11-12-14-18-22-30-26(28)24-20-16-15-19-23(24)25(27)29-21-17-13-10-8-6-4-2/h15-16,19-20H,3-14,17-18,21-22H2,1-2H3",LVAGMBHLXLZJKZ-UHFFFAOYSA-N,True,,,CEETOX_H295R_ESTRONE_noMTC_up,,0,,,,0.211849549895758,0.380236615940849,1.69897000433602,"{'self': {'href': 'http://ccte-api-ccd.epa.gov/ccdapp2/assay-list-details/6109593ab2dd933befd418db'}, 'assay-list-detail': {'href': 'http://ccte-api-ccd.epa.gov/ccdapp2/assay-list-details/6109593ab2dd933befd418db{?projection}', 'templated': True}}"
,,,DTXSID2021781,False,84-74-2,1781.0,21781,"1,2-Benzenedicarboxylic acid, dibutyl ester",110,787.0,0.0,C16H22O4,278.348,278.151809188,0,10.0,189.0,831.0,1,"Level 1: Expert curated, highest confidence in accuracy and consistency of unique chemical identifiers",327,0.0,1136,110/1136,"Dibutyl benzene-1,2-dicarboxylate",CCCCOC(=O)C1=CC=CC=C1C(=O)OCCCC,"InChI=1S/C16H22O4/c1-3-5-11-19-15(17)13-9-7-8-10-14(13)16(18)20-12-6-4-2/h7-10H,3-6,11-12H2,1-2H3",DOIRQSBPFJWKBE-UHFFFAOYSA-N,True,2.0,2.0,CEETOX_H295R_ESTRONE_noMTC_up,,0,,,,0.211849549895758,0.0980052606226317,-0.397940008672038,"{'self': {'href': 'http://ccte-api-ccd.epa.gov/ccdapp2/assay-list-details/6109599cb2dd933befd59afc'}, 'assay-list-detail': {'href': 'http://ccte-api-ccd.epa.gov/ccdapp2/assay-list-details/6109599cb2dd933befd59afc{?projection}', 'templated': True}}"
,,,DTXSID2025680,False,4376-20-9,5680.0,25680,MEHP,98,,0.0,C16H22O4,278.348,278.151809188,0,9.0,104.0,332.0,2,"Level 2: Expert curated, unique chemical identifiers confirmed using multiple public sources",113,1.0,1099,98/1099,2-{[(2-Ethylhexyl)oxy]carbonyl}benzoic acid,CCCCC(CC)COC(=O)C1=CC=CC=C1C(O)=O,"InChI=1S/C16H22O4/c1-3-5-8-12(4-2)11-20-16(19)14-10-7-6-9-13(14)15(17)18/h6-7,9-10,12H,3-5,8,11H2,1-2H3,(H,17,18)",DJDSLBVSSOQSLW-UHFFFAOYSA-N,True,,,CEETOX_H295R_ESTRONE_noMTC_up,12.21329691371147,0,1.08683291522721,0.5655722096162183,0.718897308244472,0.211849549895758,0.709827063674607,2.0,"{'self': {'href': 'http://ccte-api-ccd.epa.gov/ccdapp2/assay-list-details/610959d3b2dd933befd6713a'}, 'assay-list-detail': {'href': 'http://ccte-api-ccd.epa.gov/ccdapp2/assay-list-details/610959d3b2dd933befd6713a{?projection}', 'templated': True}}"
,,,DTXSID2029325,False,24851-98-7,9325.0,29325,Methyl dihydrojasmonate,9,146.0,0.0,C13H22O3,226.316,226.156894568,0,2.0,116.0,,2,"Level 2: Expert curated, unique chemical identifiers confirmed using multiple public sources",142,1.0,455,9/455,Methyl (3-oxo-2-pentylcyclopentyl)acetate,CCCCCC1C(CC(=O)OC)CCC1=O,"InChI=1S/C13H22O3/c1-3-4-5-6-11-10(7-8-12(11)14)9-13(15)16-2/h10-11H,3-9H2,1-2H3",KVWWIYGFBYDJQC-UHFFFAOYSA-N,True,,,CEETOX_H295R_ESTRONE_noMTC_up,5.342345240243026,0,0.727731950156281,0.773334952125065,0.982983969158117,0.211849549895758,0.957551442380895,1.47712125471966,"{'self': {'href': 'http://ccte-api-ccd.epa.gov/ccdapp2/assay-list-details/610959fab2dd933befd708fc'}, 'assay-list-detail': {'href': 'http://ccte-api-ccd.epa.gov/ccdapp2/assay-list-details/610959fab2dd933befd708fc{?projection}', 'templated': True}}"
,,,DTXSID2032390,False,60168-88-9,12390.0,32390,Fenarimol,328,15.0,0.0,C17H12Cl2N2O,331.2,330.0326684,0,29.0,89.0,67.0,2,"Level 2: Expert curated, unique chemical identifiers confirmed using multiple public sources",185,1.0,1139,328/1139,(2-Chlorophenyl)(4-chlorophenyl)(pyrimidin-5-yl)methanol,OC(C1=CC=C(Cl)C=C1)(C1=CN=CN=C1)C1=CC=CC=C1Cl,"InChI=1/C17H12Cl2N2O/c18-14-7-5-12(6-8-14)17(22,13-9-20-11-21-10-13)15-3-1-2-4-16(15)19/h1-11,22H
",NHOWDZOIZKMVAI-UHFFFAOYSA-N,True,,,CEETOX_H295R_ESTRONE_noMTC_up,,0,,,,0.211849549895758,0.0704737382418833,1.47712125471966,"{'self': {'href': 'http://ccte-api-ccd.epa.gov/ccdapp2/assay-list-details/61095a02b2dd933befd72a5d'}, 'assay-list-detail': {'href': 'http://ccte-api-ccd.epa.gov/ccdapp2/assay-list-details/61095a02b2dd933befd72a5d{?projection}', 'templated': True}}"
,,,DTXSID2040731,False,605-45-8,20731.0,40731,Diisopropyl phthalate,27,,0.0,C14H18O4,250.294,250.12050906,0,6.0,72.0,,2,"Level 2: Expert curated, unique chemical identifiers confirmed using multiple public sources",66,0.0,452,27/452,"Dipropan-2-yl benzene-1,2-dicarboxylate",CC(C)OC(=O)C1=CC=CC=C1C(=O)OC(C)C,"InChI=1S/C14H18O4/c1-9(2)17-13(15)11-7-5-6-8-12(11)14(16)18-10(3)4/h5-10H,1-4H3
",QWDBCIAVABMJPP-UHFFFAOYSA-N,True,,,CEETOX_H295R_ESTRONE_noMTC_up,,0,,,,0.211849549895758,0.632712218349942,2.0,"{'self': {'href': 'http://ccte-api-ccd.epa.gov/ccdapp2/assay-list-details/61095a28b2dd933befd7be38'}, 'assay-list-detail': {'href': 'http://ccte-api-ccd.epa.gov/ccdapp2/assay-list-details/61095a28b2dd933befd7be38{?projection}', 'templated': True}}"
,,,DTXSID2047307,False,501027-49-2,27307.0,47307,PD-0333941,170,,0.0,C23H22N2O4,390.439,390.157957196,0,18.0,13.0,,1,"Level 1: Expert curated, highest confidence in accuracy and consistency of unique chemical identifiers",42,0.0,919,170/919,"3-{4-[2-(5-Methyl-2-phenyl-1,3-oxazol-4-yl)ethoxy]-1H-indol-1-yl}propanoic acid",CC1=C(CCOC2=CC=CC3=C2C=CN3CCC(O)=O)N=C(O1)C1=CC=CC=C1,"InChI=1S/C23H22N2O4/c1-16-19(24-23(29-16)17-6-3-2-4-7-17)12-15-28-21-9-5-8-20-18(21)10-13-25(20)14-11-22(26)27/h2-10,13H,11-12,14-15H2,1H3,(H,26,27)",OMSPUVWUIHNYCS-UHFFFAOYSA-N,True,,,CEETOX_H295R_ESTRONE_noMTC_up,52.09290420538696,0,1.71677857024158,0.6270575053643196,0.797051101621129,0.211849549895758,0.636315362638018,2.0,"{'self': {'href': 'http://ccte-api-ccd.epa.gov/ccdapp2/assay-list-details/61095a71b2dd933befd8db0b'}, 'assay-list-detail': {'href': 'http://ccte-api-ccd.epa.gov/ccdapp2/assay-list-details/61095a71b2dd933befd8db0b{?projection}', 'templated': True}}"
,,,DTXSID3020205,False,85-68-7,205.0,20205,Benzyl butyl phthalate,108,902.0,0.0,C19H20O4,312.365,312.136159124,0,11.0,138.0,179.0,2,"Level 2: Expert curated, unique chemical identifiers confirmed using multiple public sources",275,0.0,1024,108/1024,"Benzyl butyl benzene-1,2-dicarboxylate",CCCCOC(=O)C1=C(C=CC=C1)C(=O)OCC1=CC=CC=C1,"InChI=1S/C19H20O4/c1-2-3-13-22-18(20)16-11-7-8-12-17(16)19(21)23-14-15-9-5-4-6-10-15/h4-12H,2-3,13-14H2,1H3
",IRIAEXORFWYRCZ-UHFFFAOYSA-N,True,4.0,4.0,CEETOX_H295R_ESTRONE_noMTC_up,,0,,,,0.211849549895758,0.519581520694568,1.60205999132796,"{'self': {'href': 'http://ccte-api-ccd.epa.gov/ccdapp2/assay-list-details/61095aa6b2dd933befd9a841'}, 'assay-list-detail': {'href': 'http://ccte-api-ccd.epa.gov/ccdapp2/assay-list-details/61095aa6b2dd933befd9a841{?projection}', 'templated': True}}"
,,,DTXSID3020465,False,56-53-1,465.0,20465,Diethylstilbestrol,420,1.0,0.0,C18H20O2,268.356,268.146329884,0,35.0,231.0,8326.0,2,"Level 2: Expert curated, unique chemical identifiers confirmed using multiple public sources",176,0.0,1187,420/1187,"4,4'-[(3E)-Hex-3-ene-3,4-diyl]diphenol",CC\C(=C(\CC)C1=CC=C(O)C=C1)C1=CC=C(O)C=C1,"InChI=1S/C18H20O2/c1-3-17(13-5-9-15(19)10-6-13)18(4-2)14-7-11-16(20)12-8-14/h5-12,19-20H,3-4H2,1-2H3/b18-17+",RGLYKWWBQGJZGM-ISLYRVAYSA-N,True,,,CEETOX_H295R_ESTRONE_noMTC_up,,0,,,,0.211849549895758,0.73248342647405,2.0,"{'self': {'href': 'http://ccte-api-ccd.epa.gov/ccdapp2/assay-list-details/61095aaeb2dd933befd9c69b'}, 'assay-list-detail': {'href': 'http://ccte-api-ccd.epa.gov/ccdapp2/assay-list-details/61095aaeb2dd933befd9c69b{?projection}', 'templated': True}}"
,,,DTXSID3022455,False,131-11-3,2455.0,22455,Dimethyl phthalate,18,288.0,0.0,C10H10O4,194.186,194.057908802,0,2.0,148.0,188.0,2,"Level 2: Expert curated, unique chemical identifiers confirmed using multiple public sources",251,0.0,971,18/971,"Dimethyl benzene-1,2-dicarboxylate",COC(=O)C1=C(C=CC=C1)C(=O)OC,"InChI=1S/C10H10O4/c1-13-9(11)7-5-3-4-6-8(7)10(12)14-2/h3-6H,1-2H3",NIQCNGHVCWTJSM-UHFFFAOYSA-N,True,,,CEETOX_H295R_ESTRONE_noMTC_up,29.355403545553532,0,1.46768805495393,0.5006879864190479,0.636423147366533,0.211849549895758,0.636380000767881,2.0,"{'self': {'href': 'http://ccte-api-ccd.epa.gov/ccdapp2/assay-list-details/61095adbb2dd933befda795a'}, 'assay-list-detail': {'href': 'http://ccte-api-ccd.epa.gov/ccdapp2/assay-list-details/61095adbb2dd933befda795a{?projection}', 'templated': True}}"
,,,DTXSID3025178,False,102-06-7,5178.0,25178,"1,3-Diphenylguanidine",113,603.0,0.0,C13H13N3,211.268,211.110947431,0,12.0,150.0,28.0,2,"Level 2: Expert curated, unique chemical identifiers confirmed using multiple public sources",157,0.0,906,113/906,"N,N'-Diphenylguanidine",N=C(NC1=CC=CC=C1)NC1=CC=CC=C1,"InChI=1S/C13H13N3/c14-13(15-11-7-3-1-4-8-11)16-12-9-5-2-6-10-12/h1-10H,(H3,14,15,16)
",OWRCNXZUPFZXOS-UHFFFAOYSA-N,True,3.0,2.0,CEETOX_H295R_ESTRONE_noMTC_up,,0,,,,0.211849549895758,0.408590728563468,1.47712125471966,"{'self': {'href': 'http://ccte-api-ccd.epa.gov/ccdapp2/assay-list-details/61095b08b2dd933befdb2b06'}, 'assay-list-detail': {'href': 'http://ccte-api-ccd.epa.gov/ccdapp2/assay-list-details/61095b08b2dd933befdb2b06{?projection}', 'templated': True}}"
,,,DTXSID3026566,False,94-60-0,6566.0,26566,"Dimethyl cyclohexane-1,4-dicarboxylate",7,1.0,0.0,C10H16O4,200.234,200.104858995,0,2.0,246.0,,1,"Level 1: Expert curated, highest confidence in accuracy and consistency of unique chemical identifiers",81,1.0,453,7/453,"Dimethyl cyclohexane-1,4-dicarboxylate",COC(=O)C1CCC(CC1)C(=O)OC,"InChI=1S/C10H16O4/c1-13-9(11)7-3-5-8(6-4-7)10(12)14-2/h7-8H,3-6H2,1-2H3
",LNGAGQAGYITKCW-UHFFFAOYSA-N,True,,,CEETOX_H295R_ESTRONE_noMTC_up,,0,,,,0.211849549895758,0.477162406739739,2.0,"{'self': {'href': 'http://ccte-api-ccd.epa.gov/ccdapp2/assay-list-details/61095b17b2dd933befdb6486'}, 'assay-list-detail': {'href': 'http://ccte-api-ccd.epa.gov/ccdapp2/assay-list-details/61095b17b2dd933befdb6486{?projection}', 'templated': True}}"
,,,DTXSID3026728,False,106-25-2,6728.0,26728,(Z)-Nerol,25,35.0,0.0,C10H18O,154.253,154.1357652,0,3.0,96.0,415.0,1,"Level 1: Expert curated, highest confidence in accuracy and consistency of unique chemical identifiers",146,0.0,902,25/902,"(2Z)-3,7-Dimethylocta-2,6-dien-1-ol",CC(C)=CCC\C(C)=C/CO,"InChI=1S/C10H18O/c1-9(2)5-4-6-10(3)7-8-11/h5,7,11H,4,6,8H2,1-3H3/b10-7-",GLZPCOQZEFWAFX-YFHOEESVSA-N,True,,,CEETOX_H295R_ESTRONE_noMTC_up,,0,,,,0.211849549895758,0.302749285952678,1.47712125471966,"{'self': {'href': 'http://ccte-api-ccd.epa.gov/ccdapp2/assay-list-details/61095b1cb2dd933befdb78c1'}, 'assay-list-detail': {'href': 'http://ccte-api-ccd.epa.gov/ccdapp2/assay-list-details/61095b1cb2dd933befdb78c1{?projection}', 'templated': True}}"
,,,DTXSID3031860,False,335-76-2,11860.0,31860,Perfluorodecanoic acid,245,,0.0,C10HF19O2,514.086,513.967314369,0,26.0,77.0,151.0,1,"Level 1: Expert curated, highest confidence in accuracy and consistency of unique chemical identifiers",176,0.0,929,245/929,Nonadecafluorodecanoic acid,OC(=O)C(F)(F)C(F)(F)C(F)(F)C(F)(F)C(F)(F)C(F)(F)C(F)(F)C(F)(F)C(F)(F)F,"InChI=1S/C10HF19O2/c11-2(12,1(30)31)3(13,14)4(15,16)5(17,18)6(19,20)7(21,22)8(23,24)9(25,26)10(27,28)29/h(H,30,31)",PCIUEQPBYFRTEM-UHFFFAOYSA-N,True,1.0,1.0,CEETOX_H295R_ESTRONE_noMTC_up,,0,,,,0.211849549895758,0.192166242202115,0.0,"{'self': {'href': 'http://ccte-api-ccd.epa.gov/ccdapp2/assay-list-details/61095b37b2dd933befdbe4bf'}, 'assay-list-detail': {'href': 'http://ccte-api-ccd.epa.gov/ccdapp2/assay-list-details/61095b37b2dd933befdbe4bf{?projection}', 'templated': True}}"
,,,DTXSID3038808,False,2554-06-5,18808.0,38808,"1,3,5,7-Tetramethyl-1,3,5,7-tetravinylcyclotetrasiloxane",37,,0.0,C12H24O4Si4,344.66,344.075165393,0,8.0,108.0,4.0,1,"Level 1: Expert curated, highest confidence in accuracy and consistency of unique chemical identifiers",91,0.0,455,37/455,"2,4,6,8-Tetraethenyl-2,4,6,8-tetramethyl-1,3,5,7,2,4,6,8-tetroxatetrasilocane",C[Si]1(O[Si](C)(O[Si](C)(O[Si](C)(O1)C=C)C=C)C=C)C=C,"InChI=1S/C12H24O4Si4/c1-9-17(5)13-18(6,10-2)15-20(8,12-4)16-19(7,11-3)14-17/h9-12H,1-4H2,5-8H3
",VMAWODUEPLAHOE-UHFFFAOYSA-N,True,,,CEETOX_H295R_ESTRONE_noMTC_up,,0,,,,0.211849549895758,0.491789718782289,2.0,"{'self': {'href': 'http://ccte-api-ccd.epa.gov/ccdapp2/assay-list-details/61095b60b2dd933befdc76db'}, 'assay-list-detail': {'href': 'http://ccte-api-ccd.epa.gov/ccdapp2/assay-list-details/61095b60b2dd933befdc76db{?projection}', 'templated': True}}"
,,,DTXSID3042130,False,587-85-9,22130.0,42130,Diphenylmercury(II),109,,0.0,C12H10Hg,354.8,356.048893,0,24.0,45.0,,2,"Level 2: Expert curated, unique chemical identifiers confirmed using multiple public sources",49,0.0,452,109/452,Diphenylmercury,[Hg](C1=CC=CC=C1)C1=CC=CC=C1,InChI=1S/2C6H5.Hg/c2*1-2-4-6-5-3-1;/h2*1-5H;,HWMTUNCVVYPZHZ-UHFFFAOYSA-N,True,,,CEETOX_H295R_ESTRONE_noMTC_up,,0,,,,0.211849549895758,-0.163160650045346,2.0,"{'self': {'href': 'http://ccte-api-ccd.epa.gov/ccdapp2/assay-list-details/61095b78b2dd933befdcceaa'}, 'assay-list-detail': {'href': 'http://ccte-api-ccd.epa.gov/ccdapp2/assay-list-details/61095b78b2dd933befdcceaa{?projection}', 'templated': True}}"
,,,DTXSID40196931,False,4672-49-5,119422.0,196931,Ethylene dimethanesulfonate,0,,0.0,C4H10O6S2,218.24,217.99188039,0,0.0,57.0,233.0,2,"Level 2: Expert curated, unique chemical identifiers confirmed using multiple public sources",30,0.0,24,0/24,"Ethane-1,2-diyl dimethanesulfonate",CS(=O)(=O)OCCOS(C)(=O)=O,"InChI=1S/C4H10O6S2/c1-11(5,6)9-3-4-10-12(2,7)8/h3-4H2,1-2H3",QSQFARNGNIZGAW-UHFFFAOYSA-N,True,,,CEETOX_H295R_ESTRONE_noMTC_up,,0,,,,0.211849549895758,0.25938662881865,0.0,"{'self': {'href': 'http://ccte-api-ccd.epa.gov/ccdapp2/assay-list-details/61095be3b2dd933befde68b9'}, 'assay-list-detail': {'href': 'http://ccte-api-ccd.epa.gov/ccdapp2/assay-list-details/61095be3b2dd933befde68b9{?projection}', 'templated': True}}"
,,,DTXSID4020618,False,102676-31-3,618.0,20618,Fadrozole hydrochloride,25,,0.0,C14H14ClN3,259.74,259.0876252,1,5.0,50.0,361.0,2,"Level 2: Expert curated, unique chemical identifiers confirmed using multiple public sources",41,1.0,519,25/519,"4-(5,6,7,8-Tetrahydroimidazo[1,5-a]pyridin-5-yl)benzonitrile--hydrogen chloride (1/1)",Cl.N#CC1=CC=C(C=C1)C1CCCC2=CN=CN12,"InChI=1S/C14H13N3.ClH/c15-8-11-4-6-12(7-5-11)14-3-1-2-13-9-16-10-17(13)14;/h4-7,9-10,14H,1-3H2;1H",UKCVAQGKEOJTSR-UHFFFAOYSA-N,True,,,CEETOX_H295R_ESTRONE_noMTC_up,,0,,,,0.211849549895758,-0.023521120360269,0.477121254719662,"{'self': {'href': 'http://ccte-api-ccd.epa.gov/ccdapp2/assay-list-details/61095bf9b2dd933befdebcff'}, 'assay-list-detail': {'href': 'http://ccte-api-ccd.epa.gov/ccdapp2/assay-list-details/61095bf9b2dd933befdebcff{?projection}', 'templated': True}}"
,,,DTXSID4023202,False,112809-51-5,3202.0,23202,Letrozole,8,,0.0,C17H11N5,285.31,285.101445374,0,2.0,218.0,1546.0,2,"Level 2: Expert curated, unique chemical identifiers confirmed using multiple public sources",111,0.0,464,8/464,"4,4'-[(1H-1,2,4-Triazol-1-yl)methylene]dibenzonitrile",N#CC1=CC=C(C=C1)C(N1C=NC=N1)C1=CC=C(C=C1)C#N,"InChI=1S/C17H11N5/c18-9-13-1-5-15(6-2-13)17(22-12-20-11-21-22)16-7-3-14(10-19)4-8-16/h1-8,11-12,17H",HPJKCIUCZWXJDR-UHFFFAOYSA-N,True,,,CEETOX_H295R_ESTRONE_noMTC_up,,0,,,,0.211849549895758,-4.3819754785573,0.698970004336019,"{'self': {'href': 'http://ccte-api-ccd.epa.gov/ccdapp2/assay-list-details/61095c34b2dd933befdfa507'}, 'assay-list-detail': {'href': 'http://ccte-api-ccd.epa.gov/ccdapp2/assay-list-details/61095c34b2dd933befdfa507{?projection}', 'templated': True}}"
,,,DTXSID4025296,False,645-62-5,5295.0,25296,2-Ethyl-2-hexenal,11,,0.0,C8H14O,126.199,126.104465071,0,2.0,40.0,1.0,2,"Level 2: Expert curated, unique chemical identifiers confirmed using multiple public sources",93,0.0,451,11/451,2-Ethylhex-2-enal,CCCC=C(CC)C=O,"InChI=1S/C8H14O/c1-3-5-6-8(4-2)7-9/h6-7H,3-5H2,1-2H3",PYLMCYQHBRSDND-UHFFFAOYSA-N,True,1.0,1.0,CEETOX_H295R_ESTRONE_noMTC_up,,0,,,,0.211849549895758,0.384819790629477,2.0,"{'self': {'href': 'http://ccte-api-ccd.epa.gov/ccdapp2/assay-list-details/61095c54b2dd933befe021c7'}, 'assay-list-detail': {'href': 'http://ccte-api-ccd.epa.gov/ccdapp2/assay-list-details/61095c54b2dd933befe021c7{?projection}', 'templated': True}}"
,,,DTXSID4040002,False,131-70-4,20002.0,40002,Monobutyl phthalate,23,1.0,0.0,C12H14O4,222.24,222.089208931,0,2.0,85.0,102.0,2,"Level 2: Expert curated, unique chemical identifiers confirmed using multiple public sources",104,0.0,989,23/989,2-(Butoxycarbonyl)benzoic acid,CCCCOC(=O)C1=C(C=CC=C1)C(O)=O,"InChI=1S/C12H14O4/c1-2-3-8-16-12(15)10-7-5-4-6-9(10)11(13)14/h4-7H,2-3,8H2,1H3,(H,13,14)
",YZBOVSFWWNVKRJ-UHFFFAOYSA-N,True,2.0,2.0,CEETOX_H295R_ESTRONE_noMTC_up,,0,,,,0.211849549895758,0.064765206924376,0.0,"{'self': {'href': 'http://ccte-api-ccd.epa.gov/ccdapp2/assay-list-details/61095ca0b2dd933befe146c2'}, 'assay-list-detail': {'href': 'http://ccte-api-ccd.epa.gov/ccdapp2/assay-list-details/61095ca0b2dd933befe146c2{?projection}', 'templated': True}}"
,,,DTXSID4052269,False,603-36-1,30841.0,52269,Triphenylstibine,52,,0.0,C18H15Sb,353.078,352.02119,0,17.0,84.0,,1,"Level 1: Expert curated, highest confidence in accuracy and consistency of unique chemical identifiers",57,0.0,301,52/301,Triphenylstibane,C1=CC=C(C=C1)[Sb](C1=CC=CC=C1)C1=CC=CC=C1,InChI=1S/3C6H5.Sb/c3*1-2-4-6-5-3-1;/h3*1-5H;,HVYVMSPIJIWUNA-UHFFFAOYSA-N,True,,,CEETOX_H295R_ESTRONE_noMTC_up,,0,,,,0.211849549895758,0.444166481235159,0.0,"{'self': {'href': 'http://ccte-api-ccd.epa.gov/ccdapp2/assay-list-details/61095d1eb2dd933befe33289'}, 'assay-list-detail': {'href': 'http://ccte-api-ccd.epa.gov/ccdapp2/assay-list-details/61095d1eb2dd933befe33289{?projection}', 'templated': True}}"
,,,DTXSID5020368,False,21739-91-3,368.0,20368,Cytembena,234,,0.0,C11H8BrNaO4,307.075,305.950366,1,36.0,17.0,12.0,1,"Level 1: Expert curated, highest confidence in accuracy and consistency of unique chemical identifiers",49,0.0,644,234/644,Sodium (2E)-3-bromo-4-(4-methoxyphenyl)-4-oxobut-2-enoate,[Na+].COC1=CC=C(C=C1)C(=O)C(\Br)=C/C([O-])=O,"InChI=1S/C11H9BrO4.Na/c1-16-8-4-2-7(3-5-8)11(15)9(12)6-10(13)14;/h2-6H,1H3,(H,13,14);/q;+1/p-1/b9-6+;",DVDCIQWIGOVWEX-MLBSPLJJSA-M,True,,,CEETOX_H295R_ESTRONE_noMTC_up,,0,,,,0.211849549895758,0.460262755241934,2.0,"{'self': {'href': 'http://ccte-api-ccd.epa.gov/ccdapp2/assay-list-details/61095d34b2dd933befe38bdd'}, 'assay-list-detail': {'href': 'http://ccte-api-ccd.epa.gov/ccdapp2/assay-list-details/61095d34b2dd933befe38bdd{?projection}', 'templated': True}}"
,,,DTXSID5020607,False,117-81-7,607.0,20607,Di(2-ethylhexyl) phthalate,103,880.0,0.0,C24H38O4,390.564,390.277009704,0,9.0,147.0,2158.0,1,"Level 1: Expert curated, highest confidence in accuracy and consistency of unique chemical identifiers",307,1.0,1150,103/1150,"Bis(2-ethylhexyl) benzene-1,2-dicarboxylate",CCCCC(CC)COC(=O)C1=C(C=CC=C1)C(=O)OCC(CC)CCCC,"InChI=1/C24H38O4/c1-5-9-13-19(7-3)17-27-23(25)21-15-11-12-16-22(21)24(26)28-18-20(8-4)14-10-6-2/h11-12,15-16,19-20H,5-10,13-14,17-18H2,1-4H3
",BJQHLKABXJIVAM-UHFFFAOYSA-N,True,4.0,3.0,CEETOX_H295R_ESTRONE_noMTC_up,1.0424391845071985,0,0.0180507278152427,0.6517406489141163,0.82842577872735,0.211849549895758,0.885997601059297,0.602059991327962,"{'self': {'href': 'http://ccte-api-ccd.epa.gov/ccdapp2/assay-list-details/61095d3fb2dd933befe3b587'}, 'assay-list-detail': {'href': 'http://ccte-api-ccd.epa.gov/ccdapp2/assay-list-details/61095d3fb2dd933befe3b587{?projection}', 'templated': True}}"
,,,DTXSID5025021,False,84-61-7,5021.0,25021,Dicyclohexyl phthalate,188,3.0,0.0,C20H26O4,330.424,330.183109317,0,28.0,97.0,22.0,2,"Level 2: Expert curated, unique chemical identifiers confirmed using multiple public sources",161,0.0,678,188/678,"Dicyclohexyl benzene-1,2-dicarboxylate",O=C(OC1CCCCC1)C1=C(C=CC=C1)C(=O)OC1CCCCC1,"InChI=1S/C20H26O4/c21-19(23-15-9-3-1-4-10-15)17-13-7-8-14-18(17)20(22)24-16-11-5-2-6-12-16/h7-8,13-16H,1-6,9-12H2
",VOWAEIGWURALJQ-UHFFFAOYSA-N,True,1.0,1.0,CEETOX_H295R_ESTRONE_noMTC_up,,0,,,,0.211849549895758,0.0625200072221211,1.47712125471966,"{'self': {'href': 'http://ccte-api-ccd.epa.gov/ccdapp2/assay-list-details/61095d97b2dd933befe50f66'}, 'assay-list-detail': {'href': 'http://ccte-api-ccd.epa.gov/ccdapp2/assay-list-details/61095d97b2dd933befe50f66{?projection}', 'templated': True}}"
,,,DTXSID5025607,False,93-15-2,5607.0,25607,Methyleugenol,34,4.0,0.0,C11H14O2,178.231,178.099379691,0,4.0,141.0,151.0,2,"Level 2: Expert curated, unique chemical identifiers confirmed using multiple public sources",166,0.0,882,34/882,"1,2-Dimethoxy-4-(prop-2-en-1-yl)benzene",COC1=CC=C(CC=C)C=C1OC,"InChI=1S/C11H14O2/c1-4-5-9-6-7-10(12-2)11(8-9)13-3/h4,6-8H,1,5H2,2-3H3
",ZYEMGPIYFIJGTP-UHFFFAOYSA-N,True,6.0,6.0,CEETOX_H295R_ESTRONE_noMTC_up,15.897888376996564,1,1.20133944336952,1.4188006735963163,1.80343370455907,0.211849549895758,1.42758158221857,2.0,"{'self': {'href': 'http://ccte-api-ccd.epa.gov/ccdapp2/assay-list-details/61095da0b2dd933befe5303c'}, 'assay-list-detail': {'href': 'http://ccte-api-ccd.epa.gov/ccdapp2/assay-list-details/61095da0b2dd933befe5303c{?projection}', 'templated': True}}"
,,,DTXSID5028665,False,68515-48-0,,28665,DINP branched,11,33.0,,,,,0,2.0,,78.0,1,"Level 1: Expert curated, highest confidence in accuracy and consistency of unique chemical identifiers",79,,473,11/473,,,,,False,1.0,1.0,CEETOX_H295R_ESTRONE_noMTC_up,1.4853898356200643,0,0.171840447754332,0.34514064839976155,0.438707346085318,0.211849549895758,0.488974393860019,0.602059991327962,"{'self': {'href': 'http://ccte-api-ccd.epa.gov/ccdapp2/assay-list-details/61095dbeb2dd933befe5a7be'}, 'assay-list-detail': {'href': 'http://ccte-api-ccd.epa.gov/ccdapp2/assay-list-details/61095dbeb2dd933befe5a7be{?projection}', 'templated': True}}"
,,,DTXSID5031131,False,131-18-0,11131.0,31131,Dipentyl phthalate,103,,0.0,C18H26O4,306.402,306.183109317,0,10.0,113.0,13.0,2,"Level 2: Expert curated, unique chemical identifiers confirmed using multiple public sources",121,0.0,1042,103/1042,"Dipentyl benzene-1,2-dicarboxylate",CCCCCOC(=O)C1=C(C=CC=C1)C(=O)OCCCCC,"InChI=1S/C18H26O4/c1-3-5-9-13-21-17(19)15-11-7-8-12-16(15)18(20)22-14-10-6-4-2/h7-8,11-12H,3-6,9-10,13-14H2,1-2H3
",IPKKHRVROFYTEK-UHFFFAOYSA-N,True,,,CEETOX_H295R_ESTRONE_noMTC_up,,0,,,,0.211849549895758,0.388339343846754,2.0,"{'self': {'href': 'http://ccte-api-ccd.epa.gov/ccdapp2/assay-list-details/61095dc4b2dd933befe5be55'}, 'assay-list-detail': {'href': 'http://ccte-api-ccd.epa.gov/ccdapp2/assay-list-details/61095dc4b2dd933befe5be55{?projection}', 'templated': True}}"
,,,DTXSID5041726,False,2610-11-9,21726.0,41726,C.I. Direct Red 81 disodium salt,69,2.0,0.0,C29H19N5Na2O8S2,675.6,675.0470435,1,15.0,49.0,29.0,2,"Level 2: Expert curated, unique chemical identifiers confirmed using multiple public sources",70,0.0,461,69/461,Disodium 7-benzamido-4-hydroxy-3-({4-[(4-sulfonatophenyl)diazenyl]phenyl}diazenyl)naphthalene-2-sulfonate,[Na+].[Na+].OC1=C(N=NC2=CC=C(C=C2)N=NC2=CC=C(C=C2)S([O-])(=O)=O)C(=CC2=CC(NC(=O)C3=CC=CC=C3)=CC=C12)S([O-])(=O)=O,"InChI=1S/C29H21N5O8S2.2Na/c35-28-25-15-12-23(30-29(36)18-4-2-1-3-5-18)16-19(25)17-26(44(40,41)42)27(28)34-33-21-8-6-20(7-9-21)31-32-22-10-13-24(14-11-22)43(37,38)39;;/h1-17,35H,(H,30,36)(H,37,38,39)(H,40,41,42);;/q;2*+1/p-2
",UFUQRRYHIHJMPB-UHFFFAOYSA-L,True,1.0,1.0,CEETOX_H295R_ESTRONE_noMTC_up,,0,,,,0.211849549895758,0.984932551911058,-0.221848749616356,"{'self': {'href': 'http://ccte-api-ccd.epa.gov/ccdapp2/assay-list-details/61095df1b2dd933befe669f3'}, 'assay-list-detail': {'href': 'http://ccte-api-ccd.epa.gov/ccdapp2/assay-list-details/61095df1b2dd933befe669f3{?projection}', 'templated': True}}"
,,,DTXSID5044233,False,23128-74-7,24233.0,44233,Antioxidant 1098,30,1.0,0.0,C40H64N2O4,636.962,636.486608549,0,6.0,75.0,,2,"Level 2: Expert curated, unique chemical identifiers confirmed using multiple public sources",80,0.0,510,30/510,"N,N'-(Hexane-1,6-diyl)bis[3-(3,5-di-tert-butyl-4-hydroxyphenyl)propanamide]",CC(C)(C)C1=CC(CCC(=O)NCCCCCCNC(=O)CCC2=CC(=C(O)C(=C2)C(C)(C)C)C(C)(C)C)=CC(=C1O)C(C)(C)C,"InChI=1S/C40H64N2O4/c1-37(2,3)29-23-27(24-30(35(29)45)38(4,5)6)17-19-33(43)41-21-15-13-14-16-22-42-34(44)20-18-28-25-31(39(7,8)9)36(46)32(26-28)40(10,11)12/h23-26,45-46H,13-22H2,1-12H3,(H,41,43)(H,42,44)
",OKOBUGCCXMIKDM-UHFFFAOYSA-N,True,,,CEETOX_H295R_ESTRONE_noMTC_up,,0,,,,0.211849549895758,0.419453370840294,1.0,"{'self': {'href': 'http://ccte-api-ccd.epa.gov/ccdapp2/assay-list-details/61095df9b2dd933befe68a76'}, 'assay-list-detail': {'href': 'http://ccte-api-ccd.epa.gov/ccdapp2/assay-list-details/61095df9b2dd933befe68a76{?projection}', 'templated': True}}"
,,,DTXSID5047538,False,6624-73-3,27538.0,47538,"Pentane-1,5-diyl dibenzoate",104,,0.0,C19H20O4,312.365,312.136159124,0,11.0,22.0,,2,"Level 2: Expert curated, unique chemical identifiers confirmed using multiple public sources",32,0.0,939,104/939,"Pentane-1,5-diyl dibenzoate",O=C(OCCCCCOC(=O)C1=CC=CC=C1)C1=CC=CC=C1,"InChI=1S/C19H20O4/c20-18(16-10-4-1-5-11-16)22-14-8-3-9-15-23-19(21)17-12-6-2-7-13-17/h1-2,4-7,10-13H,3,8-9,14-15H2",UMNVFYKZOXQOLL-UHFFFAOYSA-N,True,,,CEETOX_H295R_ESTRONE_noMTC_up,,0,,,,0.211849549895758,0.303173647093571,2.0,"{'self': {'href': 'http://ccte-api-ccd.epa.gov/ccdapp2/assay-list-details/61095e3db2dd933befe79393'}, 'assay-list-detail': {'href': 'http://ccte-api-ccd.epa.gov/ccdapp2/assay-list-details/61095e3db2dd933befe79393{?projection}', 'templated': True}}"
,,,DTXSID6021240,False,127-47-9,1240.0,21240,Retinol acetate,83,1.0,0.0,C22H32O2,328.496,328.24023027,0,18.0,158.0,426.0,2,"Level 2: Expert curated, unique chemical identifiers confirmed using multiple public sources",119,0.0,461,83/461,O~15~-Acetylretinol,CC(=O)OC\C=C(/C)\C=C\C=C(/C)\C=C\C1=C(C)CCCC1(C)C,"InChI=1S/C22H32O2/c1-17(9-7-10-18(2)14-16-24-20(4)23)12-13-21-19(3)11-8-15-22(21,5)6/h7,9-10,12-14H,8,11,15-16H2,1-6H3/b10-7+,13-12+,17-9+,18-14+",QGNJRVVDBSJHIZ-QHLGVNSISA-N,True,,,CEETOX_H295R_ESTRONE_noMTC_up,,0,,,,0.211849549895758,0.530942761428379,1.47712125471966,"{'self': {'href': 'http://ccte-api-ccd.epa.gov/ccdapp2/assay-list-details/61095e89b2dd933befe8bd05'}, 'assay-list-detail': {'href': 'http://ccte-api-ccd.epa.gov/ccdapp2/assay-list-details/61095e89b2dd933befe8bd05{?projection}', 'templated': True}}"
,,,DTXSID6021456,False,2783-94-0,1131536.0,21456,FD&C Yellow 6,67,32.0,0.0,C16H10N2Na2O7S2,452.36,451.97248158,1,7.0,100.0,110.0,1,"Level 1: Expert curated, highest confidence in accuracy and consistency of unique chemical identifiers",149,0.0,903,67/903,Disodium 6-hydroxy-5-[(4-sulfonatophenyl)diazenyl]naphthalene-2-sulfonate,[Na+].[Na+].OC1=C(N=NC2=CC=C(C=C2)S([O-])(=O)=O)C2=C(C=C1)C=C(C=C2)S([O-])(=O)=O,"InChI=1S/C16H12N2O7S2.2Na/c19-15-8-1-10-9-13(27(23,24)25)6-7-14(10)16(15)18-17-11-2-4-12(5-3-11)26(20,21)22;;/h1-9,19H,(H,20,21,22)(H,23,24,25);;/q;2*+1/p-2",OIQPTROHQCGFEF-UHFFFAOYSA-L,True,2.0,1.0,CEETOX_H295R_ESTRONE_noMTC_up,,0,,,,0.211849549895758,0.251234564957439,2.0,"{'self': {'href': 'http://ccte-api-ccd.epa.gov/ccdapp2/assay-list-details/61095e92b2dd933befe8ddb8'}, 'assay-list-detail': {'href': 'http://ccte-api-ccd.epa.gov/ccdapp2/assay-list-details/61095e92b2dd933befe8ddb8{?projection}', 'templated': True}}"
,,,DTXSID6023652,False,154-42-7,3652.0,23652,6-Thioguanine,185,6.0,0.0,C5H5N5S,167.19,167.026566355,0,21.0,304.0,2448.0,2,"Level 2: Expert curated, unique chemical identifiers confirmed using multiple public sources",108,0.0,899,185/899,"2-Amino-1,7-dihydro-6H-purine-6-thione",NC1=NC2=C(NC=N2)C(=S)N1,"InChI=1S/C5H5N5S/c6-5-9-3-2(4(11)10-5)7-1-8-3/h1H,(H4,6,7,8,9,10,11)",WYWHKKSPHMUBEB-UHFFFAOYSA-N,True,1.0,1.0,CEETOX_H295R_ESTRONE_noMTC_up,,0,,,,0.211849549895758,0.467825538646298,2.0,"{'self': {'href': 'http://ccte-api-ccd.epa.gov/ccdapp2/assay-list-details/61095eb4b2dd933befe96943'}, 'assay-list-detail': {'href': 'http://ccte-api-ccd.epa.gov/ccdapp2/assay-list-details/61095eb4b2dd933befe96943{?projection}', 'templated': True}}"
,,,DTXSID6024123,False,69806-40-2,4123.0,24123,Haloxyfop-methyl,57,,0.0,C16H13ClF3NO4,375.73,375.0485201,0,12.0,88.0,,1,"Level 1: Expert curated, highest confidence in accuracy and consistency of unique chemical identifiers",95,1.0,458,57/458,Methyl 2-(4-{[3-chloro-5-(trifluoromethyl)pyridin-2-yl]oxy}phenoxy)propanoate,COC(=O)C(C)OC1=CC=C(OC2=NC=C(C=C2Cl)C(F)(F)F)C=C1,"InChI=1/C16H13ClF3NO4/c1-9(15(22)23-2)24-11-3-5-12(6-4-11)25-14-13(17)7-10(8-21-14)16(18,19)20/h3-9H,1-2H3
",MFSWTRQUCLNFOM-UHFFFAOYSA-N,True,1.0,1.0,CEETOX_H295R_ESTRONE_noMTC_up,,0,,,,0.211849549895758,0.146087054643313,2.0,"{'self': {'href': 'http://ccte-api-ccd.epa.gov/ccdapp2/assay-list-details/61095ebcb2dd933befe9860a'}, 'assay-list-detail': {'href': 'http://ccte-api-ccd.epa.gov/ccdapp2/assay-list-details/61095ebcb2dd933befe9860a{?projection}', 'templated': True}}"
,,,DTXSID6024838,False,6358-53-8,809925.0,24838,C.I. Solvent Red 80,113,,0.0,C18H16N2O3,308.337,308.116092383,0,22.0,67.0,2.0,1,"Level 1: Expert curated, highest confidence in accuracy and consistency of unique chemical identifiers",72,0.0,517,113/517,"1-[(2,5-Dimethoxyphenyl)diazenyl]naphthalen-2-ol",COC1=CC=C(OC)C(=C1)N=NC1=C(O)C=CC2=C1C=CC=C2,"InChI=1S/C18H16N2O3/c1-22-13-8-10-17(23-2)15(11-13)19-20-18-14-6-4-3-5-12(14)7-9-16(18)21/h3-11,21H,1-2H3
",GJUABKCEXOMRPQ-UHFFFAOYSA-N,True,,,CEETOX_H295R_ESTRONE_noMTC_up,,0,,,,0.211849549895758,0.489351071796258,0.602059991327962,"{'self': {'href': 'http://ccte-api-ccd.epa.gov/ccdapp2/assay-list-details/61095ecbb2dd933befe9c063'}, 'assay-list-detail': {'href': 'http://ccte-api-ccd.epa.gov/ccdapp2/assay-list-details/61095ecbb2dd933befe9c063{?projection}', 'templated': True}}"
,,,DTXSID6025068,False,84-75-3,5068.0,25068,Dihexyl phthalate,80,1.0,0.0,C20H30O4,334.456,334.214409446,0,9.0,103.0,23.0,2,"Level 2: Expert curated, unique chemical identifiers confirmed using multiple public sources",145,0.0,906,80/906,"Dihexyl benzene-1,2-dicarboxylate",CCCCCCOC(=O)C1=C(C=CC=C1)C(=O)OCCCCCC,"InChI=1S/C20H30O4/c1-3-5-7-11-15-23-19(21)17-13-9-10-14-18(17)20(22)24-16-12-8-6-4-2/h9-10,13-14H,3-8,11-12,15-16H2,1-2H3
",KCXZNSGUUQJJTR-UHFFFAOYSA-N,True,,,CEETOX_H295R_ESTRONE_noMTC_up,,0,,,,0.211849549895758,0.216230515540433,0.0,"{'self': {'href': 'http://ccte-api-ccd.epa.gov/ccdapp2/assay-list-details/61095ed4b2dd933befe9e380'}, 'assay-list-detail': {'href': 'http://ccte-api-ccd.epa.gov/ccdapp2/assay-list-details/61095ed4b2dd933befe9e380{?projection}', 'templated': True}}"
,,,DTXSID6025272,False,87-25-2,5272.0,25272,Ethyl anthranilate,15,,0.0,C9H11NO2,165.192,165.078978598,0,3.0,112.0,,1,"Level 1: Expert curated, highest confidence in accuracy and consistency of unique chemical identifiers",110,0.0,452,15/452,Ethyl 2-aminobenzoate,CCOC(=O)C1=C(N)C=CC=C1,"InChI=1S/C9H11NO2/c1-2-12-9(11)7-5-3-4-6-8(7)10/h3-6H,2,10H2,1H3
",TWLLPUMZVVGILS-UHFFFAOYSA-N,True,1.0,1.0,CEETOX_H295R_ESTRONE_noMTC_up,,0,,,,0.211849549895758,0.226064668790238,2.0,"{'self': {'href': 'http://ccte-api-ccd.epa.gov/ccdapp2/assay-list-details/61095ed7b2dd933befe9f2d9'}, 'assay-list-detail': {'href': 'http://ccte-api-ccd.epa.gov/ccdapp2/assay-list-details/61095ed7b2dd933befe9f2d9{?projection}', 'templated': True}}"
,,,DTXSID6042074,False,499-75-2,22074.0,42074,Isopropyl-o-cresol,18,2.0,0.0,C10H14O,150.221,150.104465071,0,4.0,151.0,583.0,2,"Level 2: Expert curated, unique chemical identifiers confirmed using multiple public sources",137,0.0,459,18/459,2-Methyl-5-(propan-2-yl)phenol,CC(C)C1=CC=C(C)C(O)=C1,"InChI=1S/C10H14O/c1-7(2)9-5-4-8(3)10(11)6-9/h4-7,11H,1-3H3",RECUKUPTGUEGMW-UHFFFAOYSA-N,True,,,CEETOX_H295R_ESTRONE_noMTC_up,,0,,,,0.211849549895758,0.532370765232168,2.0,"{'self': {'href': 'http://ccte-api-ccd.epa.gov/ccdapp2/assay-list-details/61095f32b2dd933befeb56e9'}, 'assay-list-detail': {'href': 'http://ccte-api-ccd.epa.gov/ccdapp2/assay-list-details/61095f32b2dd933befeb56e9{?projection}', 'templated': True}}"
,,,DTXSID6042282,False,2588-04-7,22282.0,42282,Phorate sulfone,20,,0.0,C7H17O4PS3,292.36,292.002659547,0,4.0,36.0,,2,"Level 2: Expert curated, unique chemical identifiers confirmed using multiple public sources",65,0.0,514,20/514,"S-[(Ethanesulfonyl)methyl] O,O-diethyl phosphorodithioate",CCOP(=S)(OCC)SCS(=O)(=O)CC,"InChI=1S/C7H17O4PS3/c1-4-10-12(13,11-5-2)14-7-15(8,9)6-3/h4-7H2,1-3H3",YVPSNUIHHFTTRL-UHFFFAOYSA-N,True,,,CEETOX_H295R_ESTRONE_noMTC_up,,0,,,,0.211849549895758,0.419493652533616,0.301029995663981,"{'self': {'href': 'http://ccte-api-ccd.epa.gov/ccdapp2/assay-list-details/61095f34b2dd933befeb6149'}, 'assay-list-detail': {'href': 'http://ccte-api-ccd.epa.gov/ccdapp2/assay-list-details/61095f34b2dd933befeb6149{?projection}', 'templated': True}}"
,,,DTXSID6051778,False,1672-46-4,30333.0,51778,Digoxigenin,85,,0.0,C23H34O5,390.52,390.240624195,0,28.0,101.0,1250.0,1,"Level 1: Expert curated, highest confidence in accuracy and consistency of unique chemical identifiers",82,1.0,305,85/305,"3beta,12beta,14-Trihydroxy-5beta-card-20(22)-enolide",C[C@@]12[C@H](CC[C@]1(O)[C@@H]1CC[C@@H]3C[C@@H](O)CC[C@]3(C)[C@H]1C[C@H]2O)C1=CC(=O)OC1,"InChI=1S/C23H34O5/c1-21-7-5-15(24)10-14(21)3-4-17-18(21)11-19(25)22(2)16(6-8-23(17,22)27)13-9-20(26)28-12-13/h9,14-19,24-25,27H,3-8,10-12H2,1-2H3/t14-,15+,16-,17-,18+,19-,21+,22+,23+/m1/s1",SHIBSTMRCDJXLN-KCZCNTNESA-N,True,,,CEETOX_H295R_ESTRONE_noMTC_up,,0,,,,0.211849549895758,0.129206716683647,1.0,"{'self': {'href': 'http://ccte-api-ccd.epa.gov/ccdapp2/assay-list-details/61095f96b2dd933befece446'}, 'assay-list-detail': {'href': 'http://ccte-api-ccd.epa.gov/ccdapp2/assay-list-details/61095f96b2dd933befece446{?projection}', 'templated': True}}"
,,,DTXSID7020392,False,131-17-9,392.0,20392,Diallyl phthalate,83,34.0,0.0,C14H14O4,246.262,246.089208931,0,9.0,107.0,16.0,2,"Level 2: Expert curated, unique chemical identifiers confirmed using multiple public sources",156,0.0,963,83/963,"Diprop-2-en-1-yl benzene-1,2-dicarboxylate",C=CCOC(=O)C1=C(C=CC=C1)C(=O)OCC=C,"InChI=1S/C14H14O4/c1-3-9-17-13(15)11-7-5-6-8-12(11)14(16)18-10-4-2/h3-8H,1-2,9-10H2",QUDWYFHPNIMBFC-UHFFFAOYSA-N,True,1.0,,CEETOX_H295R_ESTRONE_noMTC_up,,0,,,,0.211849549895758,0.234699292741583,-0.397940008672038,"{'self': {'href': 'http://ccte-api-ccd.epa.gov/ccdapp2/assay-list-details/61095fabb2dd933befed32b4'}, 'assay-list-detail': {'href': 'http://ccte-api-ccd.epa.gov/ccdapp2/assay-list-details/61095fabb2dd933befed32b4{?projection}', 'templated': True}}"
,,,DTXSID7020683,False,87-68-3,683.0,20683,"Hexachloro-1,3-butadiene",95,34.0,0.0,C4Cl6,260.74,257.8131162,0,14.0,111.0,161.0,2,"Level 2: Expert curated, unique chemical identifiers confirmed using multiple public sources",197,0.0,663,95/663,"1,1,2,3,4,4-Hexachlorobuta-1,3-diene",ClC(Cl)=C(Cl)C(Cl)=C(Cl)Cl,InChI=1S/C4Cl6/c5-1(3(7)8)2(6)4(9)10,RWNKSTSCBHKHTB-UHFFFAOYSA-N,True,,,CEETOX_H295R_ESTRONE_noMTC_up,,0,,,,0.211849549895758,0.17526571684016,0.0,"{'self': {'href': 'http://ccte-api-ccd.epa.gov/ccdapp2/assay-list-details/61095fb2b2dd933befed4df2'}, 'assay-list-detail': {'href': 'http://ccte-api-ccd.epa.gov/ccdapp2/assay-list-details/61095fb2b2dd933befed4df2{?projection}', 'templated': True}}"
,,,DTXSID7021106,False,87-86-5,1106.0,21106,Pentachlorophenol,307,105.0,0.0,C6HCl5O,266.32,263.8470032,0,34.0,173.0,1761.0,2,"Level 2: Expert curated, unique chemical identifiers confirmed using multiple public sources",276,0.0,899,307/899,Pentachlorophenol,OC1=C(Cl)C(Cl)=C(Cl)C(Cl)=C1Cl,InChI=1S/C6HCl5O/c7-1-2(8)4(10)6(12)5(11)3(1)9/h12H,IZUPBVBPLAPZRR-UHFFFAOYSA-N,True,6.0,3.0,CEETOX_H295R_ESTRONE_noMTC_up,,0,,,,0.211849549895758,0.345693479324957,-0.397940008672038,"{'self': {'href': 'http://ccte-api-ccd.epa.gov/ccdapp2/assay-list-details/61095fc3b2dd933befed91c5'}, 'assay-list-detail': {'href': 'http://ccte-api-ccd.epa.gov/ccdapp2/assay-list-details/61095fc3b2dd933befed91c5{?projection}', 'templated': True}}"
,,,DTXSID7021780,False,84-66-2,1780.0,21780,Diethyl phthalate,11,105.0,0.0,C12H14O4,222.24,222.089208931,0,1.0,170.0,219.0,2,"Level 2: Expert curated, unique chemical identifiers confirmed using multiple public sources",285,0.0,880,11/880,"Diethyl benzene-1,2-dicarboxylate",CCOC(=O)C1=CC=CC=C1C(=O)OCC,"InChI=1S/C12H14O4/c1-3-15-11(13)9-7-5-6-8-10(9)12(14)16-4-2/h5-8H,3-4H2,1-2H3",FLKPEMZONWLCSK-UHFFFAOYSA-N,True,2.0,1.0,CEETOX_H295R_ESTRONE_noMTC_up,20.196977724607905,1,1.30528638648988,1.6174821489175333,2.05597719127562,0.211849549895758,1.45261731357506,2.0,"{'self': {'href': 'http://ccte-api-ccd.epa.gov/ccdapp2/assay-list-details/61095fd3b2dd933befedd2fa'}, 'assay-list-detail': {'href': 'http://ccte-api-ccd.epa.gov/ccdapp2/assay-list-details/61095fd3b2dd933befedd2fa{?projection}', 'templated': True}}"
,,,DTXSID7027625,False,6422-86-2,7625.0,27625,Bis(2-ethylhexyl) terephthalate,10,119.0,0.0,C24H38O4,390.564,390.277009704,0,1.0,70.0,15.0,2,"Level 2: Expert curated, unique chemical identifiers confirmed using multiple public sources",130,1.0,882,10/882,"Bis(2-ethylhexyl) benzene-1,4-dicarboxylate",CCCCC(CC)COC(=O)C1=CC=C(C=C1)C(=O)OCC(CC)CCCC,"InChI=1/C24H38O4/c1-5-9-11-19(7-3)17-27-23(25)21-13-15-22(16-14-21)24(26)28-18-20(8-4)12-10-6-2/h13-16,19-20H,5-12,17-18H2,1-4H3
",RWPICVVBGZBXNA-UHFFFAOYSA-N,True,,,CEETOX_H295R_ESTRONE_noMTC_up,,0,,,,0.211849549895758,-0.0349392141925325,2.0,"{'self': {'href': 'http://ccte-api-ccd.epa.gov/ccdapp2/assay-list-details/61096037b2dd933befef55cf'}, 'assay-list-detail': {'href': 'http://ccte-api-ccd.epa.gov/ccdapp2/assay-list-details/61096037b2dd933befef55cf{?projection}', 'templated': True}}"
,,,DTXSID7042273,False,2934-05-6,22273.0,42273,"2,4-Diisopropylphenol",82,,0.0,C12H18O,178.275,178.1357652,0,18.0,77.0,,2,"Level 2: Expert curated, unique chemical identifiers confirmed using multiple public sources",54,0.0,459,82/459,"2,4-Di(propan-2-yl)phenol",CC(C)C1=CC(C(C)C)=C(O)C=C1,"InChI=1S/C12H18O/c1-8(2)10-5-6-12(13)11(7-10)9(3)4/h5-9,13H,1-4H3",KEUMBYCOWGLRBQ-UHFFFAOYSA-N,True,,,CEETOX_H295R_ESTRONE_noMTC_up,20.33769769411965,0,1.3083017875576,0.8396915434296139,1.06732965316103,0.211849549895758,1.02806243735867,2.0,"{'self': {'href': 'http://ccte-api-ccd.epa.gov/ccdapp2/assay-list-details/61096082b2dd933beff078ca'}, 'assay-list-detail': {'href': 'http://ccte-api-ccd.epa.gov/ccdapp2/assay-list-details/61096082b2dd933beff078ca{?projection}', 'templated': True}}"
,,,DTXSID7047271,False,676116-04-4,27271.0,47271,PD 0343701,381,,0.0,C26H34N4O4S2,530.7,530.202147939,1,41.0,9.0,,1,"Level 1: Expert curated, highest confidence in accuracy and consistency of unique chemical identifiers",35,0.0,934,381/934,"Methanesulfonic acid--6-{2-[4-(1,2-benzothiazol-3-yl)piperazin-1-yl]ethyl}-4,4,8-trimethyl-3,4-dihydroquinolin-2(1H)-one (1/1)",CS(O)(=O)=O.CC1=CC(CCN2CCN(CC2)C2=NSC3=CC=CC=C23)=CC2=C1NC(=O)CC2(C)C,"InChI=1S/C25H30N4OS.CH4O3S/c1-17-14-18(15-20-23(17)26-22(30)16-25(20,2)3)8-9-28-10-12-29(13-11-28)24-19-6-4-5-7-21(19)31-27-24;1-5(2,3)4/h4-7,14-15H,8-13,16H2,1-3H3,(H,26,30);1H3,(H,2,3,4)",SRGGJELKHPOIIN-UHFFFAOYSA-N,True,,,CEETOX_H295R_ESTRONE_noMTC_up,,0,,,,0.211849549895758,0.267765917080034,1.30102999566398,"{'self': {'href': 'http://ccte-api-ccd.epa.gov/ccdapp2/assay-list-details/610960b7b2dd933beff14583'}, 'assay-list-detail': {'href': 'http://ccte-api-ccd.epa.gov/ccdapp2/assay-list-details/610960b7b2dd933beff14583{?projection}', 'templated': True}}"
,,,DTXSID7051890,False,23726-91-2,210415.0,51890,(E)-beta-Damascone,53,6.0,0.0,C13H20O,192.302,192.151415264,0,17.0,,,1,"Level 1: Expert curated, highest confidence in accuracy and consistency of unique chemical identifiers",71,0.0,303,53/303,"(2E)-1-(2,6,6-Trimethylcyclohex-1-en-1-yl)but-2-en-1-one",C\C=C\C(=O)C1=C(C)CCCC1(C)C,"InChI=1S/C13H20O/c1-5-7-11(14)12-10(2)8-6-9-13(12,3)4/h5,7H,6,8-9H2,1-4H3/b7-5+
",BGTBFNDXYDYBEY-FNORWQNLSA-N,True,,,CEETOX_H295R_ESTRONE_noMTC_up,,0,,,,0.211849549895758,0.135264057057064,2.0,"{'self': {'href': 'http://ccte-api-ccd.epa.gov/ccdapp2/assay-list-details/610960deb2dd933beff1ddf6'}, 'assay-list-detail': {'href': 'http://ccte-api-ccd.epa.gov/ccdapp2/assay-list-details/610960deb2dd933beff1ddf6{?projection}', 'templated': True}}"
,,,DTXSID7052573,False,827-94-1,31146.0,52573,"2,6-Dibromo-4-nitroaniline",19,,0.0,C6H4Br2N2O2,295.918,293.863953,0,6.0,117.0,,2,"Level 2: Expert curated, unique chemical identifiers confirmed using multiple public sources",66,0.0,303,19/303,"2,6-Dibromo-4-nitroaniline",NC1=C(Br)C=C(C=C1Br)[N+]([O-])=O,"InChI=1S/C6H4Br2N2O2/c7-4-1-3(10(11)12)2-5(8)6(4)9/h1-2H,9H2
",YMZIFDLWYUSZCC-UHFFFAOYSA-N,True,,,CEETOX_H295R_ESTRONE_noMTC_up,,0,,,,0.211849549895758,0.167484087837169,2.0,"{'self': {'href': 'http://ccte-api-ccd.epa.gov/ccdapp2/assay-list-details/610960e1b2dd933beff1e93e'}, 'assay-list-detail': {'href': 'http://ccte-api-ccd.epa.gov/ccdapp2/assay-list-details/610960e1b2dd933beff1e93e{?projection}', 'templated': True}}"
,,,DTXSID8022589,False,125-84-8,2589.0,22589,Aminoglutethimide,12,,0.0,C13H16N2O2,232.283,232.121177763,0,3.0,230.0,1402.0,1,"Level 1: Expert curated, highest confidence in accuracy and consistency of unique chemical identifiers",106,1.0,462,12/462,"3-(4-Aminophenyl)-3-ethylpiperidine-2,6-dione",CCC1(CCC(=O)NC1=O)C1=CC=C(N)C=C1,"InChI=1/C13H16N2O2/c1-2-13(8-7-11(16)15-12(13)17)9-3-5-10(14)6-4-9/h3-6H,2,7-8,14H2,1H3,(H,15,16,17)
",ROBVIMPUHSLWNV-UHFFFAOYSA-N,True,,,CEETOX_H295R_ESTRONE_noMTC_up,,0,,,,0.211849549895758,0.571888464777996,2.0,"{'self': {'href': 'http://ccte-api-ccd.epa.gov/ccdapp2/assay-list-details/6109612ab2dd933beff2ff26'}, 'assay-list-detail': {'href': 'http://ccte-api-ccd.epa.gov/ccdapp2/assay-list-details/6109612ab2dd933beff2ff26{?projection}', 'templated': True}}"
,,,DTXSID8023927,False,101-55-3,3927.0,23927,p-Bromodiphenyl ether,73,13.0,0.0,C12H9BrO,249.107,247.983678,0,8.0,132.0,,2,"Level 2: Expert curated, unique chemical identifiers confirmed using multiple public sources",124,0.0,874,73/874,1-Bromo-4-phenoxybenzenato,BrC1=CC=C(OC2=CC=CC=C2)C=C1,InChI=1S/C12H9BrO/c13-10-6-8-12(9-7-10)14-11-4-2-1-3-5-11/h1-9H,JDUYPUMQALQRCN-UHFFFAOYSA-N,True,1.0,1.0,CEETOX_H295R_ESTRONE_noMTC_up,,0,,,,0.211849549895758,0.51111160519231,2.0,"{'self': {'href': 'http://ccte-api-ccd.epa.gov/ccdapp2/assay-list-details/6109613eb2dd933beff3494b'}, 'assay-list-detail': {'href': 'http://ccte-api-ccd.epa.gov/ccdapp2/assay-list-details/6109613eb2dd933beff3494b{?projection}', 'templated': True}}"
,,,DTXSID8024105,False,86-73-7,4105.0,24105,Fluorene,30,14.0,0.0,C13H10,166.223,166.078250322,0,3.0,190.0,485.0,2,"Level 2: Expert curated, unique chemical identifiers confirmed using multiple public sources",197,0.0,916,30/916,9H-Fluorene,C1C2=C(C=CC=C2)C2=C1C=CC=C2,"InChI=1S/C13H10/c1-3-7-12-10(5-1)9-11-6-2-4-8-13(11)12/h1-8H,9H2",NIHNNTQXNPWCJQ-UHFFFAOYSA-N,True,5.0,3.0,CEETOX_H295R_ESTRONE_noMTC_up,,0,,,,0.211849549895758,0.179890677772839,0.0,"{'self': {'href': 'http://ccte-api-ccd.epa.gov/ccdapp2/assay-list-details/61096142b2dd933beff35732'}, 'assay-list-detail': {'href': 'http://ccte-api-ccd.epa.gov/ccdapp2/assay-list-details/61096142b2dd933beff35732{?projection}', 'templated': True}}"
,,,DTXSID8027402,False,1459-93-4,7402.0,27402,Dimethyl isophthalate,24,,0.0,C10H10O4,194.186,194.057908802,0,5.0,126.0,,2,"Level 2: Expert curated, unique chemical identifiers confirmed using multiple public sources",104,0.0,450,24/450,"Dimethyl benzene-1,3-dicarboxylate",COC(=O)C1=CC(=CC=C1)C(=O)OC,"InChI=1S/C10H10O4/c1-13-9(11)7-4-3-5-8(6-7)10(12)14-2/h3-6H,1-2H3
",VNGOYPQMJFJDLV-UHFFFAOYSA-N,True,,,CEETOX_H295R_ESTRONE_noMTC_up,19.59748685170423,0,1.29220038174338,0.8174927745399986,1.039112857976,0.211849549895758,0.834407184381124,2.0,"{'self': {'href': 'http://ccte-api-ccd.epa.gov/ccdapp2/assay-list-details/61096179b2dd933beff43038'}, 'assay-list-detail': {'href': 'http://ccte-api-ccd.epa.gov/ccdapp2/assay-list-details/61096179b2dd933beff43038{?projection}', 'templated': True}}"
,,,DTXSID8037752,False,744-45-6,17752.0,37752,Diphenyl isophthalate,34,,0.0,C20H14O4,318.328,318.089208931,0,4.0,94.0,,2,"Level 2: Expert curated, unique chemical identifiers confirmed using multiple public sources",67,0.0,937,34/937,"Diphenyl benzene-1,3-dicarboxylate",O=C(OC1=CC=CC=C1)C1=CC(=CC=C1)C(=O)OC1=CC=CC=C1,"InChI=1S/C20H14O4/c21-19(23-17-10-3-1-4-11-17)15-8-7-9-16(14-15)20(22)24-18-12-5-2-6-13-18/h1-14H
",FHESUNXRPBHDQM-UHFFFAOYSA-N,True,1.0,,CEETOX_H295R_ESTRONE_noMTC_up,,0,,,,0.211849549895758,0.493511761508238,2.0,"{'self': {'href': 'http://ccte-api-ccd.epa.gov/ccdapp2/assay-list-details/610961aab2dd933beff4f4a9'}, 'assay-list-detail': {'href': 'http://ccte-api-ccd.epa.gov/ccdapp2/assay-list-details/610961aab2dd933beff4f4a9{?projection}', 'templated': True}}"
,,,DTXSID8040779,False,3648-21-3,8662.0,40779,Diheptyl phthalate,12,,0.0,C22H34O4,362.51,362.245709575,0,2.0,78.0,7.0,2,"Level 2: Expert curated, unique chemical identifiers confirmed using multiple public sources",88,0.0,512,12/512,"Diheptyl benzene-1,2-dicarboxylate",CCCCCCCOC(=O)C1=C(C=CC=C1)C(=O)OCCCCCCC,"InChI=1S/C22H34O4/c1-3-5-7-9-13-17-25-21(23)19-15-11-12-16-20(19)22(24)26-18-14-10-8-6-4-2/h11-12,15-16H,3-10,13-14,17-18H2,1-2H3",JQCXWCOOWVGKMT-UHFFFAOYSA-N,True,1.0,,CEETOX_H295R_ESTRONE_noMTC_up,,0,,,,0.211849549895758,0.0631859292616149,0.0,"{'self': {'href': 'http://ccte-api-ccd.epa.gov/ccdapp2/assay-list-details/610961b4b2dd933beff51d60'}, 'assay-list-detail': {'href': 'http://ccte-api-ccd.epa.gov/ccdapp2/assay-list-details/610961b4b2dd933beff51d60{?projection}', 'templated': True}}"
,,,DTXSID8044593,False,15619-48-4,24593.0,44593,1-Benzylquinolinium chloride,139,1.0,0.0,C16H14ClN,255.75,255.0814772,1,15.0,44.0,,1,"Level 1: Expert curated, highest confidence in accuracy and consistency of unique chemical identifiers",51,0.0,905,139/905,1-Benzylquinolin-1-ium chloride,[Cl-].C(C1=CC=CC=C1)[N+]1=C2C=CC=CC2=CC=C1,"InChI=1S/C16H14N.ClH/c1-2-7-14(8-3-1)13-17-12-6-10-15-9-4-5-11-16(15)17;/h1-12H,13H2;1H/q+1;/p-1
",GFEJZIULYONCQB-UHFFFAOYSA-M,True,,,CEETOX_H295R_ESTRONE_noMTC_up,,0,,,,0.211849549895758,0.0505562605511905,2.0,"{'self': {'href': 'http://ccte-api-ccd.epa.gov/ccdapp2/assay-list-details/610961d4b2dd933beff598f7'}, 'assay-list-detail': {'href': 'http://ccte-api-ccd.epa.gov/ccdapp2/assay-list-details/610961d4b2dd933beff598f7{?projection}', 'templated': True}}"
,,,DTXSID8047391,False,1068967-96-3,27391.0,47391,SAR102608,124,,0.0,C20H16FN5O,361.38,361.133888318,0,13.0,19.0,,1,"Level 1: Expert curated, highest confidence in accuracy and consistency of unique chemical identifiers",45,0.0,966,124/966,N-(5-Fluoro-3-methyl-1H-indol-1-yl)-4-methyl-2-(pyridin-2-yl)pyrimidine-5-carboxamide,CC1=CN(NC(=O)C2=C(C)N=C(N=C2)C2=CC=CC=N2)C2=CC=C(F)C=C12,"InChI=1S/C20H16FN5O/c1-12-11-26(18-7-6-14(21)9-15(12)18)25-20(27)16-10-23-19(24-13(16)2)17-5-3-4-8-22-17/h3-11H,1-2H3,(H,25,27)",YNVKAENVJKEMOU-UHFFFAOYSA-N,True,,,CEETOX_H295R_ESTRONE_noMTC_up,,0,,,,0.211849549895758,0.582245765417488,2.0,"{'self': {'href': 'http://ccte-api-ccd.epa.gov/ccdapp2/assay-list-details/61096204b2dd933beff65921'}, 'assay-list-detail': {'href': 'http://ccte-api-ccd.epa.gov/ccdapp2/assay-list-details/61096204b2dd933beff65921{?projection}', 'templated': True}}"
,,,DTXSID9021136,False,50-33-9,1136.0,21136,"4-Butyl-1,2-diphenyl-3,5-Pyrazolidinedione",24,,0.0,C19H20N2O2,308.381,308.152477892,0,4.0,247.0,6148.0,2,"Level 2: Expert curated, unique chemical identifiers confirmed using multiple public sources",147,0.0,642,24/642,"4-Butyl-1,2-diphenylpyrazolidine-3,5-dione",CCCCC1C(=O)N(N(C1=O)C1=CC=CC=C1)C1=CC=CC=C1,"InChI=1S/C19H20N2O2/c1-2-3-14-17-18(22)20(15-10-6-4-7-11-15)21(19(17)23)16-12-8-5-9-13-16/h4-13,17H,2-3,14H2,1H3
",VYMDGNCVAMGZFE-UHFFFAOYSA-N,True,,,CEETOX_H295R_ESTRONE_noMTC_up,,0,,,,0.211849549895758,0.429499906135273,0.0,"{'self': {'href': 'http://ccte-api-ccd.epa.gov/ccdapp2/assay-list-details/6109625eb2dd933beff79e63'}, 'assay-list-detail': {'href': 'http://ccte-api-ccd.epa.gov/ccdapp2/assay-list-details/6109625eb2dd933beff79e63{?projection}', 'templated': True}}"
,,,DTXSID9022522,False,84-69-5,2522.0,22522,Diisobutyl phthalate,105,19.0,0.0,C16H22O4,278.348,278.151809188,0,12.0,112.0,54.0,2,"Level 2: Expert curated, unique chemical identifiers confirmed using multiple public sources",188,0.0,905,105/905,"Bis(2-methylpropyl) benzene-1,2-dicarboxylate",CC(C)COC(=O)C1=C(C=CC=C1)C(=O)OCC(C)C,"InChI=1S/C16H22O4/c1-11(2)9-19-15(17)13-7-5-6-8-14(13)16(18)20-10-12(3)4/h5-8,11-12H,9-10H2,1-4H3",MGWAVDBGNNKXQV-UHFFFAOYSA-N,True,,,CEETOX_H295R_ESTRONE_noMTC_up,88.0956760711844,0,1.94495459281036,0.7717947416967387,0.981026211842203,0.211849549895758,0.717717435368523,2.0,"{'self': {'href': 'http://ccte-api-ccd.epa.gov/ccdapp2/assay-list-details/6109627bb2dd933beff80fd0'}, 'assay-list-detail': {'href': 'http://ccte-api-ccd.epa.gov/ccdapp2/assay-list-details/6109627bb2dd933beff80fd0{?projection}', 'templated': True}}"
,,,DTXSID9027441,False,1843-05-6,7441.0,27441,Octabenzone,52,33.0,0.0,C21H26O3,326.436,326.188194697,0,6.0,127.0,4.0,2,"Level 2: Expert curated, unique chemical identifiers confirmed using multiple public sources",151,0.0,873,52/873,[2-Hydroxy-4-(octyloxy)phenyl](phenyl)methanone,CCCCCCCCOC1=CC(O)=C(C=C1)C(=O)C1=CC=CC=C1,"InChI=1S/C21H26O3/c1-2-3-4-5-6-10-15-24-18-13-14-19(20(22)16-18)21(23)17-11-8-7-9-12-17/h7-9,11-14,16,22H,2-6,10,15H2,1H3",QUAMTGJKVDWJEQ-UHFFFAOYSA-N,True,,,CEETOX_H295R_ESTRONE_noMTC_up,10.89444586450292,0,1.03720514517347,0.6088513668582752,0.773909328134057,0.211849549895758,0.869900819007105,1.47712125471966,"{'self': {'href': 'http://ccte-api-ccd.epa.gov/ccdapp2/assay-list-details/610962bfb2dd933beff91b5e'}, 'assay-list-detail': {'href': 'http://ccte-api-ccd.epa.gov/ccdapp2/assay-list-details/610962bfb2dd933beff91b5e{?projection}', 'templated': True}}"
,,,DTXSID9032610,False,80844-07-1,12610.0,32610,Etofenprox,68,1.0,0.0,C25H28O3,376.496,376.203844762,0,7.0,114.0,42.0,2,"Level 2: Expert curated, unique chemical identifiers confirmed using multiple public sources",139,0.0,917,68/917,1-{[2-(4-Ethoxyphenyl)-2-methylpropoxy]methyl}-3-phenoxybenzene,CCOC1=CC=C(C=C1)C(C)(C)COCC1=CC(OC2=CC=CC=C2)=CC=C1,"InChI=1S/C25H28O3/c1-4-27-22-15-13-21(14-16-22)25(2,3)19-26-18-20-9-8-12-24(17-20)28-23-10-6-5-7-11-23/h5-17H,4,18-19H2,1-3H3
",YREQHYQNNWYQCJ-UHFFFAOYSA-N,True,4.0,4.0,CEETOX_H295R_ESTRONE_noMTC_up,,0,,,,0.211849549895758,0.323668722532748,1.47712125471966,"{'self': {'href': 'http://ccte-api-ccd.epa.gov/ccdapp2/assay-list-details/610962d5b2dd933beff972d7'}, 'assay-list-detail': {'href': 'http://ccte-api-ccd.epa.gov/ccdapp2/assay-list-details/610962d5b2dd933beff972d7{?projection}', 'templated': True}}"
,,,DTXSID9034286,False,26172-55-4,14286.0,34286,5-Chloro-2-methyl-3(2H)-isothiazolone,113,571.0,0.0,C4H4ClNOS,149.59,148.9702126,0,12.0,116.0,160.0,1,"Level 1: Expert curated, highest confidence in accuracy and consistency of unique chemical identifiers",187,0.0,951,113/951,"5-Chloro-2-methyl-1,2-thiazol-3(2H)-one",CN1SC(Cl)=CC1=O,"InChI=1S/C4H4ClNOS/c1-6-4(7)2-3(5)8-6/h2H,1H3",DHNRXBZYEKSXIM-UHFFFAOYSA-N,True,1.0,,CEETOX_H295R_ESTRONE_noMTC_up,,0,,,,0.211849549895758,0.141013535548249,1.0,"{'self': {'href': 'http://ccte-api-ccd.epa.gov/ccdapp2/assay-list-details/610962dcb2dd933beff98b3b'}, 'assay-list-detail': {'href': 'http://ccte-api-ccd.epa.gov/ccdapp2/assay-list-details/610962dcb2dd933beff98b3b{?projection}', 'templated': True}}"
,,,DTXSID9040001,False,4376-18-5,20001.0,40001,Monomethyl phthalate,15,,0.0,C9H8O4,180.159,180.042258738,0,2.0,145.0,,2,"Level 2: Expert curated, unique chemical identifiers confirmed using multiple public sources",80,0.0,976,15/976,2-(Methoxycarbonyl)benzoic acid,COC(=O)C1=C(C=CC=C1)C(O)=O,"InChI=1S/C9H8O4/c1-13-9(12)7-5-3-2-4-6(7)8(10)11/h2-5H,1H3,(H,10,11)",FNJSWIPFHMKRAT-UHFFFAOYSA-N,True,,,CEETOX_H295R_ESTRONE_noMTC_up,,0,,,,0.211849549895758,-0.0941645002470228,0.602059991327962,"{'self': {'href': 'http://ccte-api-ccd.epa.gov/ccdapp2/assay-list-details/610962f0b2dd933beff9dc10'}, 'assay-list-detail': {'href': 'http://ccte-api-ccd.epa.gov/ccdapp2/assay-list-details/610962f0b2dd933beff9dc10{?projection}', 'templated': True}}"
,,,DTXSID9043938,False,2528-16-7,23938.0,43938,Monobenzyl phthalate,22,,0.0,C15H12O4,256.257,256.073558866,0,3.0,95.0,15.0,2,"Level 2: Expert curated, unique chemical identifiers confirmed using multiple public sources",91,0.0,868,22/868,2-[(Benzyloxy)carbonyl]benzoic acid,OC(=O)C1=C(C=CC=C1)C(=O)OCC1=CC=CC=C1,"InChI=1S/C15H12O4/c16-14(17)12-8-4-5-9-13(12)15(18)19-10-11-6-2-1-3-7-11/h1-9H,10H2,(H,16,17)
",XIKIUQUXDNHBFR-UHFFFAOYSA-N,True,3.0,3.0,CEETOX_H295R_ESTRONE_noMTC_up,,0,,,,0.211849549895758,0.623072731619579,2.0,"{'self': {'href': 'http://ccte-api-ccd.epa.gov/ccdapp2/assay-list-details/61096305b2dd933beffa2e2d'}, 'assay-list-detail': {'href': 'http://ccte-api-ccd.epa.gov/ccdapp2/assay-list-details/61096305b2dd933beffa2e2d{?projection}', 'templated': True}}"
,,,DTXSID9048516,False,NOCAS_48516,28490.0,48516,PharmaGSID_48516,81,,0.0,C15H10ClFNNaO3S,361.75,360.9951645,1,9.0,4.0,,2,"Level 2: Expert curated, unique chemical identifiers confirmed using multiple public sources",20,0.0,869,81/869,Sodium (2-chloro-4-fluorobenzoyl)[(E)-2-phenylethenesulfonyl]azanide,[Na+].FC1=CC=C(C(=O)[N-]S(=O)(=O)\C=C\C2=CC=CC=C2)C(Cl)=C1,"InChI=1S/C15H11ClFNO3S.Na/c16-14-10-12(17)6-7-13(14)15(19)18-22(20,21)9-8-11-4-2-1-3-5-11;/h1-10H,(H,18,19);/q;+1/p-1/b9-8+;",SOWZCYCSVVVHCA-HRNDJLQDSA-M,True,,,CEETOX_H295R_ESTRONE_noMTC_up,,0,,,,0.211849549895758,0.560125576702668,1.47712125471966,"{'self': {'href': 'http://ccte-api-ccd.epa.gov/ccdapp2/assay-list-details/61096359b2dd933beffb78e2'}, 'assay-list-detail': {'href': 'http://ccte-api-ccd.epa.gov/ccdapp2/assay-list-details/61096359b2dd933beffb78e2{?projection}', 'templated': True}}"
